Date,Stock_Open,Stock_Close,Stock_High,Stock_Low,Volume,Forex_MGA_SDG,Volatility,Market_Sentiment
2022-01-01,104.96714153011233,122.70692857804396,118.84272818510519,105.01046092567141,2907,2.5577307861614966,0.07020827652501312,Bearish
2022-01-02,98.61735698828815,101.81866255058495,110.6390912005236,67.96767707000762,4490,2.5149552535843935,0.07447420681338582,Bullish
2022-01-03,106.47688538100692,102.48220586300336,110.94754341665286,101.77875319530908,3535,2.738499311806294,0.02650317383234127,Bullish
2022-01-04,115.23029856408026,95.40639100459757,113.53415558780307,88.45924316872576,5173,2.475977271357726,0.07851789499249179,Bullish
2022-01-05,97.65846625276664,91.50155630535208,112.58928589786765,76.69367103143543,2293,2.4635158005695166,0.03841909327663701,Bullish
2022-01-06,97.6586304305082,108.30335816544246,107.81191423969376,100.11202599524981,5769,2.403074247199207,0.004875001305035466,Neutral
2022-01-07,115.79212815507391,91.43916174091133,106.04201103951875,108.73658545162958,5796,2.568613401785187,0.026431193062799088,Bullish
2022-01-08,107.67434729152909,100.71566237219392,104.37406872100478,93.62551485372308,7871,2.561690021666303,0.0543605018426513,Bearish
2022-01-09,95.30525614065049,95.22342553234883,97.46035411133323,104.52874547202939,3972,2.366743159898019,0.030423715078377215,Neutral
2022-01-10,105.42560043585965,104.78979825746391,102.19324923133226,111.12278257988646,4922,2.46446120457732,0.048239110616479126,Bearish
2022-01-11,95.36582307187538,103.33662105286949,88.07043185804615,108.14914453584048,5997,2.3680795462961535,0.056765049750583566,Bullish
2022-01-12,95.34270246429743,110.375399442579,104.0166037320525,111.39964529371393,8032,2.359026309236902,0.04637229193781429,Neutral
2022-01-13,102.41962271566034,94.89983601145254,95.11408892849083,102.42127491071892,1992,2.1540204336546305,0.040112913242865665,Bearish
2022-01-14,80.86719755342202,97.30125064706628,93.96410682784229,95.75433638901593,9112,2.453817949263689,0.02498607874023548,Neutral
2022-01-15,82.75082167486967,90.21236284217693,106.79894151153478,78.98034188102832,6287,2.1595573467839975,0.050438876164306645,Neutral
2022-01-16,94.37712470759027,95.55706739923889,118.920022863446,92.53937511870052,3240,2.407436862732098,0.008700852248305302,Neutral
2022-01-17,89.87168879665576,103.77300493044852,114.18316606002313,86.56753404683808,2476,2.377461070824478,0.03628003916561157,Bearish
2022-01-18,103.14247332595274,107.56988616645351,89.29499396376823,116.70942717497815,7426,2.7103790114531208,0.03144431781878478,Bullish
2022-01-19,90.91975924478788,90.77834675822375,95.10371863429663,93.24114187567663,1389,2.2970130387380716,0.045212462969821704,Bearish
2022-01-20,85.87696298664709,108.6960592010566,114.40771187988216,96.23204806784486,1999,2.3477627230371048,0.045733404013814614,Bullish
2022-01-21,114.65648768921554,113.55637858804951,95.1751260646169,100.51485376040468,2855,2.4236951721616853,0.0691991334886749,Neutral
2022-01-22,97.74223699513465,104.13434903223701,102.75366850002976,95.43602446372454,9125,2.383971269699445,0.08166954554499199,Bullish
2022-01-23,100.67528204687923,118.76795812558066,110.50052099024552,111.95051040430752,9850,2.773850959484375,0.0276444231952606,Bullish
2022-01-24,85.75251813786544,92.26210800896428,95.31655545136366,88.77350638265548,3763,2.272286525390076,0.08985665250540059,Neutral
2022-01-25,94.55617275474818,87.55345296688583,106.0537550614596,96.94607455237242,4663,2.4241191002028315,0.03441408800957137,Bearish
2022-01-26,101.10922589709867,82.21279751095722,91.65974505081796,87.57529414301952,5986,2.566413049832881,0.0534505356584618,Bullish
2022-01-27,88.49006422577698,114.96044311489183,98.98632356048786,81.79977488779295,2481,2.6762366686084014,0.060217259782966354,Bearish
2022-01-28,103.75698018345672,106.54365656354058,108.19781934142537,88.88230909094715,8256,2.4239516888139594,0.09889165505165012,Neutral
2022-01-29,93.99361310081196,99.44415329089544,89.0700626646833,94.62963202951588,4731,2.1163800798992414,0.03915435324474672,Bullish
2022-01-30,97.08306250206724,102.7996862631982,109.40474737960399,90.7069777548274,8262,2.469979155682899,0.01406523974043894,Neutral
2022-01-31,93.98293387770603,88.74510952701624,104.80362201073319,88.07579020126144,1451,2.770405695236143,0.07980758940385962,Bullish
2022-02-01,118.52278184508938,124.45751979616827,110.52489954417148,80.93682536328166,4093,2.5564374814860855,0.03333252882409131,Neutral
2022-02-02,99.86502775262066,101.29221181975228,107.23914134064661,94.16894427371305,1882,2.5472835724719864,0.04276822838848814,Neutral
2022-02-03,89.422890710441,101.09394794604893,118.64140429973844,79.95279625968998,5408,2.2873964016846005,0.027645006921476496,Bullish
2022-02-04,108.22544912103189,107.25766623898691,106.25224502647907,102.60055963689602,5068,2.2668656819422672,0.04282592453902162,Bearish
2022-02-05,87.79156350028978,104.81009231736714,100.70594458874747,95.82439752934503,4277,2.50360832972682,0.03319216927589118,Bullish
2022-02-06,102.08863595004756,102.23884024279131,106.22297503032284,80.42448500535069,9566,2.2147242155437183,0.06352883632989542,Neutral
2022-02-07,80.40329876120225,92.09525544554688,110.43298029036387,91.90790922950137,8951,2.656272444472502,0.05161583259443959,Bearish
2022-02-08,86.71813951101569,104.71468357135996,105.48860070325705,87.47843594409417,5690,2.3306707502267274,0.03637889678770642,Bearish
2022-02-09,101.96861235869123,118.82024496475034,105.40591691203882,98.19174510419181,5595,2.495068543853701,0.06991743953317855,Bullish
2022-02-10,107.3846657999541,113.45420046154977,97.98008312193245,108.40450446023145,5559,2.1228466162491517,0.05509993501349198,Bullish
2022-02-11,101.7136828118997,115.93186626639397,98.37099082449052,76.24827530354256,8291,2.4212396263112987,0.013079034991118892,Bullish
2022-02-12,98.8435171761176,94.88784323568815,90.97394728200307,96.15026079147417,9160,2.262827890573959,0.06839406628168604,Bullish
2022-02-13,96.98896304410711,90.1039517974142,122.4957674318694,93.3986720443336,1112,2.035608716531638,0.0536973576770527,Bearish
2022-02-14,85.21478009632573,98.74213079900352,92.56136764608715,101.71340076450466,6131,2.6083684178672635,0.07781464975183086,Neutral
2022-02-15,92.80155791605291,100.55724912288694,98.07094802204092,97.1319662823769,4197,2.8282319078183145,0.052478348526852896,Bearish
2022-02-16,95.39361229040213,110.94191518470949,97.81592734430802,87.48030668261181,1139,2.725894717868789,0.034165812988648105,Bearish
2022-02-17,110.57122226218915,83.0753537028518,113.94924376944441,91.80946064333382,2424,2.636338137980761,0.04591409333396326,Neutral
2022-02-18,103.43618289568461,115.29550319460614,102.05050321707972,87.03974143196511,3949,2.417175766410891,0.0660783866176144,Neutral
2022-02-19,82.36959844637266,98.4199210142101,117.47742072673734,105.76007138598598,4168,2.661178045709565,0.03458525880598275,Neutral
2022-02-20,103.24083969394795,95.7311893005258,98.26509375756132,95.21311648671943,9708,2.7447706397147456,0.04119406425784883,Bearish
2022-02-21,96.14917719583684,89.87895624739832,107.78994162223802,114.01190685753008,7043,2.527364365934259,0.04556622840001866,Bullish
2022-02-22,93.23077999694041,83.4514332813423,96.64652946740243,94.39339186185379,7989,2.2631279655375955,0.027012567795682545,Bullish
2022-02-23,106.11676288840867,108.23170583961914,126.45149127773388,87.91593233089537,8236,2.4001231402817256,0.034873531507428515,Neutral
2022-02-24,110.30999522495951,100.73317967188405,93.12401580970487,79.86285607387173,7261,2.8405392976695873,0.05345100383608381,Bullish
2022-02-25,109.31280119116198,87.10039100258946,108.09820710227028,76.96860323744055,1887,2.4850511663699666,0.07404955495306016,Bullish
2022-02-26,91.60782476777362,87.04921227936384,111.33776880932099,79.1586405699451,4104,1.8350488560177807,0.056342939694209504,Bearish
2022-02-27,96.90787624148786,96.64215300709871,109.13799097451498,97.67126651011483,1049,2.2062153072659614,0.04908277481261957,Bearish
2022-02-28,103.31263431403563,116.69021525289392,103.14712341122292,100.08725023229934,4951,2.4151102593715037,0.033374584520953786,Bearish
2022-03-01,109.75545127122359,97.40408648636395,103.70179300266574,79.18809297967867,4560,2.707165047683514,0.07190320823440464,Bullish
2022-03-02,95.2082576215471,84.96857046881894,105.4381147197911,103.95038314076115,1018,2.4453755295186177,0.05867010999893685,Bullish
2022-03-03,98.14341023336183,97.54256935914056,103.52997998371511,90.1693894831656,5821,2.710886330994652,0.03586540472961521,Bearish
2022-03-04,88.93665025993971,97.2727643025233,114.6387911679491,96.4679301198555,7340,2.394767529290502,0.06797296917369801,Neutral
2022-03-05,88.0379337591933,73.03113357058429,127.10523001591352,111.12220628255425,9058,2.1071414955528773,0.06119154123020934,Neutral
2022-03-06,108.12525822394198,99.45705133482188,99.42508214992166,103.96839315865532,3606,2.401687768280383,0.03372939301267529,Neutral
2022-03-07,113.56240028570824,97.69065469791322,91.30197020420923,92.31469352094167,8846,2.568989000309257,0.047972434874716,Neutral
2022-03-08,99.27989878419666,106.96206364813418,104.11717951648745,86.08807774584713,9643,2.5523900698682627,0.04014454543514127,Bearish
2022-03-09,110.03532897892023,118.48956094945345,130.7970933765432,73.48184598670696,7432,2.2489784501486727,0.1026707588006321,Bullish
2022-03-10,103.61636025047635,111.26565029547757,96.9632543203027,87.8084668075758,4765,2.429760759639247,0.060634897662513176,Bearish
2022-03-11,93.54880245394875,97.3111130944517,121.39116805444067,92.88869761172306,3438,3.0369348476128146,0.05373524109696481,Bearish
2022-03-12,103.61395605508415,88.9347409125833,121.77700814076441,85.12820472848816,7358,2.253346234740625,0.05945326112153427,Bearish
2022-03-13,115.38036566465969,125.7335980324986,99.46411758292005,93.68743032907695,9319,2.63214467889275,0.07758325176394996,Bearish
2022-03-14,99.64173960890048,100.59218434014488,110.68983079185276,95.76851882958768,6941,2.0806648602860407,0.04833239711123069,Bearish
2022-03-15,115.64643655814007,100.13929291912946,121.28396623128538,92.75144018191921,8644,2.6727583649139324,0.03820181404268488,Bullish
2022-03-16,73.80254895910255,99.75874912889996,101.20872259012513,88.4999741917654,5855,2.3215349219623107,0.06688566456194836,Bearish
2022-03-17,108.21902504375224,101.98084760767856,102.96419639897638,96.68654671966728,7547,2.580417651640588,0.046501108679973764,Bullish
2022-03-18,100.87047068238171,98.55639588076058,99.18319086051356,99.41940649569409,8196,2.2416948796463596,0.028602093418389936,Neutral
2022-03-19,97.00992649534132,94.26337993119763,94.85243269307134,84.09600922557154,6911,2.5581705600353413,0.024706271364878834,Bullish
2022-03-20,100.91760776535503,94.53141058759608,98.50722454933992,109.10932379746271,7481,2.3182699408517125,0.08058593101679067,Bullish
2022-03-21,80.12431085399108,99.67246729784002,92.76059733237743,94.01411867715738,3761,2.356990363406675,0.052632891338385696,Bearish
2022-03-22,97.80328112162488,94.56575228866235,105.34083468259226,95.18849622944848,5456,2.588397201279006,0.03820865232015198,Bearish
2022-03-23,103.57112571511746,92.87154217322836,97.30026768941359,102.08214423256557,7361,2.4139229047205966,0.04531330177915873,Bearish
2022-03-24,114.77894044741517,101.06430227691897,107.33785911790747,97.33216131263502,6693,2.5760762896432623,0.06614889436016703,Bullish
2022-03-25,94.81729781726352,97.45022782579144,89.44104353796372,104.53136633913245,6788,2.46183173627133,0.0441318896831591,Bearish
2022-03-26,91.91506397106812,115.0399298858269,108.30880232214457,97.87124165201824,1201,2.513498736249455,0.021011605416451636,Bullish
2022-03-27,94.98242956415463,73.49030191606988,113.33528961608924,88.87562625359563,7160,2.5890172942706804,0.056516817042958495,Neutral
2022-03-28,109.15402117702074,110.91506851922462,85.06264357428545,98.61503525206102,1517,2.4299963090817718,0.07416695635147126,Neutral
2022-03-29,103.28751109659684,112.4608519249763,108.74056569847572,83.56273792679337,8737,2.3007900427996453,0.07282928635944502,Bearish
2022-03-30,94.70239796232961,79.2660976759185,117.27668992473292,96.08559705776523,2988,2.393537546814042,0.0388134012372551,Bullish
2022-03-31,105.13267433113356,96.57312405919652,92.90358981308795,94.6677000935554,4802,2.739027835966687,0.0753834531291676,Neutral
2022-04-01,100.9707754934804,96.28559134004209,121.72572386837703,92.9188314272746,6808,2.52323461681531,0.05425899947343246,Bullish
2022-04-02,109.68644990532889,85.92488305282178,109.19019009366045,93.71462488561069,8162,2.331020309317905,0.07482294687757454,Bearish
2022-04-03,92.97946906122648,92.22183312409125,97.94988144241591,76.1815095450236,7241,2.5803121216775438,0.06147374060005108,Bullish
2022-04-04,96.72337853402232,88.89424154534171,104.44230922342294,89.51275092259039,9399,2.5936631169878277,0.01956806314734661,Neutral
2022-04-05,96.07891846867842,117.52270443423623,110.58326912521723,95.92844901141115,6633,2.603999815159562,0.08493477875016693,Bullish
2022-04-06,85.36485051867882,109.35678393147461,105.76005391412411,96.598563919974,6755,2.304432559925743,0.05103567702397907,Bearish
2022-04-07,102.96120277064576,112.71555094994159,110.38755992446369,84.72324859074041,7309,2.363521801142821,0.061535876478276345,Neutral
2022-04-08,102.6105527217989,107.21672064043236,95.79326406920634,107.65707840864701,5117,2.3646341567225977,0.02311910743056312,Bearish
2022-04-09,100.05113456642461,88.70948228782771,106.69360824036077,86.33825151785499,9345,2.4278704175867616,0.060106530001561305,Bullish
2022-04-10,97.65412866624852,94.75479733720226,90.8628550309502,104.69457200526736,2518,2.6077838370287467,0.0720585546548532,Neutral
2022-04-11,85.84629257949585,104.89374561227918,103.88773938651299,99.27194361871685,7163,2.559236960946203,0.08870640673196808,Bearish
2022-04-12,95.79354677234642,87.77872191108054,95.9609235853521,88.53772690156197,3600,2.5750433914314326,0.07800799589590565,Bearish
2022-04-13,96.57285483473231,107.12998430172388,97.64470057410233,112.75310892609512,3195,2.7708038284743046,0.06108449407892079,Bullish
2022-04-14,91.9772273077838,97.59674601841866,117.36093175210438,83.0636316824352,4554,2.637778186498326,0.01911245293303228,Bearish
2022-04-15,98.3871428833399,96.25179192450402,115.9131012059427,104.19154173610002,3849,2.4716396750007825,0.05264545580994843,Bearish
2022-04-16,104.04050856814538,107.10959968203491,111.09138120907177,105.00582318042979,2742,2.2632229647895,0.038149808695741395,Bullish
2022-04-17,118.8618590121053,104.4426331148604,94.07687235327421,88.29379790923355,2306,2.357090598305826,0.05469955749632494,Bullish
2022-04-18,101.74577812831839,96.3903383418092,101.83591550305198,108.92465300064329,4849,2.4476589864643548,0.02567348334409802,Neutral
2022-04-19,102.57550390722764,111.59329803364248,117.13097699979184,92.49953485401048,8519,2.665825965467223,0.04579666184416197,Bullish
2022-04-20,99.25554084233833,89.18936672400102,106.41716913639905,97.88693629279857,5195,2.494533613178781,0.03965633832387863,Bullish
2022-04-21,80.81228784700959,106.15935606944264,128.19329539981695,97.6032183877122,6178,2.3687608090223113,0.039036672880615075,Bearish
2022-04-22,99.73486124550783,105.93101257968384,108.93317839394372,93.65691258529452,3555,2.353421422854555,0.039235276280176916,Neutral
2022-04-23,100.60230209941027,96.9045356068601,106.92049116490031,103.10808273159782,3305,2.486084358215755,0.047282905672235115,Bullish
2022-04-24,124.63242112485287,103.26133022242118,101.908835357975,102.93488720552213,8619,2.67799751244342,0.055723895180960444,Bearish
2022-04-25,98.07639035218878,87.48886423614697,106.33540904782282,77.51468026761819,3642,2.8182038611550233,3.0128242570981456e-05,Bullish
2022-04-26,103.01547342333612,109.240270192069,103.47530163619456,108.04340242878152,7409,2.4588462803940665,0.0024713428732427295,Bullish
2022-04-27,99.65288230294756,98.15097863557011,112.0810867668859,78.37508011964326,5757,2.4910513638474803,0.043226173201562496,Bullish
2022-04-28,88.31321962380468,94.7727697948096,114.56702316794585,105.32546204341658,3994,2.2572116587685236,0.04604461910588772,Neutral
2022-04-29,111.4282281451502,110.49009225836889,97.14010539492051,106.26705136827583,9751,2.887838513819893,0.05378222433207881,Bullish
2022-04-30,107.51933032686775,92.9565630945724,91.68767046442221,84.09033569784802,2271,2.219799432368783,0.03544655290287552,Bullish
2022-05-01,107.91031947043047,85.91538703636441,86.63794626896703,90.89185712045415,2813,2.73433246235611,0.05018930388045364,Bearish
2022-05-02,90.9061254520526,84.43370826476097,110.07991326912544,83.94295331514064,9801,2.4269328093975058,0.05253046410036111,Neutral
2022-05-03,114.02794310936099,106.0600995134564,93.96633393826127,92.85078969711265,3461,2.3801267012319363,0.03530883806269057,Bullish
2022-05-04,85.98148937207719,87.19570647503717,83.47109407047517,91.91965715814258,5120,2.2779992856228146,0.07026911643482202,Bearish
2022-05-05,105.8685709380027,117.54794181984364,108.88578604530964,102.7966053226934,7124,2.982009729881427,0.05353972622910121,Bullish
2022-05-06,121.90455625809979,79.18070592116278,129.9299951743279,108.10308746119608,9475,2.5442983246556787,0.06093922190926581,Bearish
2022-05-07,90.09463674869312,116.96456368290038,104.93929088460106,108.95683810789956,5396,2.5042560874208126,0.05137691462567706,Bearish
2022-05-08,94.33702270397228,102.11017467202619,113.38490774451643,89.37831973421697,1816,2.6773464719109086,0.0920734620612344,Bearish
2022-05-09,100.99651365087641,99.03286888129608,105.81829358547564,92.90778126255472,8304,2.369833454874007,0.06192794138235308,Bullish
2022-05-10,94.965243458838,94.5508091319105,104.01110346808858,78.1656180777905,8331,2.500369191046201,0.040240133675855494,Bullish
2022-05-11,84.49336568933867,103.9913611435207,114.19076482987768,86.94129933503811,1082,2.5112672573624244,0.06641933768736802,Bullish
2022-05-12,100.68562974806028,99.62365297575151,102.09725455811349,104.64851633097457,2920,2.3975708535303735,0.017247901650866565,Bullish
2022-05-13,89.37696286273895,111.03301882016521,107.67392314071903,111.15582823548232,8817,2.739927615837183,0.05239200525334209,Bullish
2022-05-14,104.73592430635182,101.1422764866204,108.21697806196013,82.65651128120078,3093,2.456269117700819,0.056383205801839816,Neutral
2022-05-15,90.80575765766197,101.50301761461877,98.31909546356951,89.07535740847106,8071,2.189373589326234,0.052620415241573966,Neutral
2022-05-16,115.4993440501754,96.36387787786144,114.92042349536523,94.73594243041073,8967,2.4397005272958254,0.04332442258322226,Neutral
2022-05-17,92.16746707663764,99.43054376278933,103.25040243304592,97.80161158819607,9367,2.5498357343427793,0.029754532863259697,Neutral
2022-05-18,96.77938483794324,103.0780176889206,97.44254840507155,86.90396480078354,6285,2.3213013532224784,0.03421305975898076,Bearish
2022-05-19,108.1351721736967,82.89831607343375,110.36509843570404,99.2406104446409,5937,2.337081041365912,0.05204149832494768,Neutral
2022-05-20,87.69135683566044,86.51814577894287,96.01532018208962,90.26160652929084,1369,2.390748192374792,0.02772961535144015,Bullish
2022-05-21,102.2745993460413,107.43264094022715,105.28181157369129,94.85547729121721,2818,2.744247132013392,0.08540335231294546,Bearish
2022-05-22,113.07142754282428,101.70865438127942,104.90881003355797,100.462842480037,3101,2.4025683954708588,-0.002817953586874117,Bearish
2022-05-23,83.92516765438772,98.1601666364732,115.85895565831578,95.06422269810938,4490,2.7858234037102063,0.043531242649107925,Bearish
2022-05-24,101.84633858532304,100.18433933065393,109.74698232879953,90.63614109473431,2779,2.3770099123703328,0.05220779278215394,Neutral
2022-05-25,102.59882794248423,103.47581705361671,104.74973041254856,93.90390196074169,8674,2.5650028272513086,0.06014841855666578,Bullish
2022-05-26,107.81822871777311,94.60240319690638,113.17766299200287,94.11637040794665,2364,2.41075146515605,0.03168150545475146,Bullish
2022-05-27,87.63049289121918,92.21695274597687,118.90207549017313,91.29988970117873,8294,2.6508166340580943,0.07268589587776425,Neutral
2022-05-28,86.79543386915724,101.95845255097682,110.57810306351863,92.41203937332898,4676,2.276345169086944,0.022123379123741543,Bullish
2022-05-29,105.21941565616898,90.21627222384969,105.10352619843381,110.98647170504717,3426,2.6485718959154463,0.03867742822784864,Bearish
2022-05-30,102.96984673233186,104.08252755714472,91.8816376764984,100.6091944794124,9264,2.5227738800619366,0.06241495110558848,Neutral
2022-05-31,102.50492850345877,82.9741639576216,94.34886336924627,92.0451968197084,9089,2.37200163664451,0.07080377129585505,Bearish
2022-06-01,103.46448209496975,110.29155637325644,101.94775295645333,101.96954404510736,3962,2.46675570305797,0.021919974072378046,Bearish
2022-06-02,93.1997527842151,104.72597482413043,98.90487797840717,91.6618051024399,1859,2.806770988206435,0.10290073580830317,Bullish
2022-06-03,102.32253697161003,102.56029734313876,103.13028697014553,106.73124637586642,5138,2.527568900976157,0.03205016873665581,Bullish
2022-06-04,102.93072473298682,109.82690983945514,105.56649924897107,98.69642192198094,3424,2.359454396817472,0.02375635044944435,Neutral
2022-06-05,92.85648581973632,116.65474444462576,110.2969275435673,93.92697855995772,5017,2.2590613434343774,0.06005429783546514,Bearish
2022-06-06,118.65774511144757,110.1437006501813,104.29501221940909,99.47716925810278,9560,2.6010808546861997,0.043034130928370856,Bearish
2022-06-07,104.73832920911788,81.59125768668355,109.86501643826202,79.29123847931501,9342,2.5391690494021373,0.040078953749205115,Bullish
2022-06-08,88.08696502797352,87.20423033264298,105.6447441481012,83.73232531090194,2134,2.639004139017645,0.06191288115139439,Bullish
2022-06-09,106.5655360863383,93.75181422304321,85.24533433646128,83.06074993600944,6166,2.2075550520620317,0.019454086191443818,Neutral
2022-06-10,90.25318329772679,100.26091050210833,95.60664606181246,96.42943094763707,6119,2.2655479094217,0.015957312000505958,Bullish
2022-06-11,107.87084603742451,105.17659020469122,103.55912444278384,112.32514999485092,6694,2.72937583985038,0.03805153269713544,Bearish
2022-06-12,111.58595579007404,92.74256186846534,92.90305257158893,117.31300146192632,7136,2.566268329355868,0.07155803478906651,Bullish
2022-06-13,91.7931768164829,101.86766764477078,110.99928729996205,101.38051101440757,6485,2.6066801702475124,0.038918894131744326,Bearish
2022-06-14,109.63376129244321,92.44617067646678,120.30750832343698,100.00844474944456,5164,2.307462593578409,0.08198313369057228,Neutral
2022-06-15,104.12780926936499,93.88482197008052,117.18761851697317,76.9894226584726,3346,2.3038025603342165,0.07402029522343781,Bearish
2022-06-16,108.2206015999449,85.93338903151778,102.86557129069791,89.57326200265979,6039,2.698251731638418,0.0556589236901497,Bullish
2022-06-17,118.96792982653947,90.76766753889096,119.90726136849952,87.12216248091761,5897,2.7076755309530296,0.05679447718749514,Bearish
2022-06-18,97.5461188399713,86.48315394383667,106.48667457202112,88.79152401748884,9252,2.282336102594189,0.055640052500337114,Neutral
2022-06-19,92.4626383564251,90.24126747022667,101.62914028881961,93.3185618141521,6041,2.244125900829431,0.053194354573642,Bearish
2022-06-20,91.10485570374476,110.5364179660784,98.8659733645906,90.27909422302872,4901,2.478281405857511,0.04267516605043641,Neutral
2022-06-21,91.84189715034562,90.50601111168056,101.97530313511872,75.20700189624212,2337,2.340130309324799,0.04499624333585674,Bearish
2022-06-22,99.22898290585896,126.32382064837391,101.11823181458772,102.47910256117534,2184,2.3359646241907948,0.02860079686814836,Neutral
2022-06-23,103.41151974816644,104.93317900880889,106.70416222375488,84.27256974260193,5426,2.2497243507145215,0.005799144214196403,Bearish
2022-06-24,102.7669079933002,101.84836123694873,106.60573981049865,97.39246864111149,2551,2.4063132303439265,0.072081412185641,Bullish
2022-06-25,108.27183249036024,91.41642219818786,105.03046020153414,115.74082669749973,2629,2.2690610514734266,0.05314516873570597,Bullish
2022-06-26,100.13001891877907,107.00309879408991,109.3693816974635,85.80615408413577,2526,2.280919819398153,0.05012422711243573,Bullish
2022-06-27,114.53534077157317,94.24362173762226,116.90646274786342,69.69712477253671,2361,2.5596783693132608,0.05796898245715759,Neutral
2022-06-28,97.35343166762044,101.22009814645361,114.49554135441323,92.13995778119889,5370,2.4889603531425246,0.03343205090412702,Neutral
2022-06-29,127.20169166589619,125.60084538268795,90.15102031550097,106.00959634998571,6283,2.5969757363064265,0.029978755732311343,Bearish
2022-06-30,106.25667347765007,99.03940100275351,79.46078865098045,114.58347454220593,8610,2.170193312930139,0.04432630612643695,Bullish
2022-07-01,91.42842443583717,111.49273326285676,114.34319911239274,82.70450405547584,2993,2.5019761219659524,0.07736196963527625,Bullish
2022-07-02,89.29107501938887,92.96823574874112,91.33121301584579,99.96699223236521,1869,2.9151275084331676,0.026625179430137477,Neutral
2022-07-03,104.82472415243186,99.65011509503039,102.75234598107316,90.34689543219946,2014,2.4255455031428803,-0.0025413071361633233,Bearish
2022-07-04,97.7653721467415,117.7080063563551,93.2988697394064,93.94051645695865,1602,2.6649498013144597,0.039571978163624955,Bullish
2022-07-05,107.14000494092092,93.73032942212232,86.98019562419981,121.44343347017035,1690,2.663201369754885,0.07285399832470366,Bearish
2022-07-06,104.73237624573545,118.12448557996929,110.41462728204787,79.97029671604847,9685,2.6730397216002553,0.015349119512912929,Bullish
2022-07-07,99.27171087343127,107.07751935455475,112.59155160302647,97.53739661494573,1489,2.5333323374114647,0.026394327923542567,Bullish
2022-07-08,91.53206281931595,94.37533224105732,99.2348959927328,99.67693171765433,7864,2.6132171965488427,0.05527093481156338,Bearish
2022-07-09,84.85152775314135,106.3240773905552,79.0895770785509,105.85786324939347,8240,2.639802724002601,0.1013981407095067,Bullish
2022-07-10,95.53485047932979,109.7255444962673,99.53755551747517,95.97983153470895,8786,2.6270892056628714,0.02283576662947609,Neutral
2022-07-11,108.56398794323472,106.21809962217196,108.91804005402547,98.08050539504103,9024,2.276516365297321,0.02206131817064082,Bullish
2022-07-12,102.14093744130204,84.29775280109544,90.21088431225871,91.08351432578209,1294,2.1585231034912025,0.05677396737678371,Bullish
2022-07-13,87.54261221288012,92.72862824175131,106.83359919779156,97.69126941245108,6488,2.1892832913170386,0.0740934887998741,Bullish
2022-07-14,101.73180925851182,97.52481364448495,104.84690150827005,91.56807724502589,5027,2.4459680015234673,0.0375180257534858,Neutral
2022-07-15,103.85317379728836,99.25566570899954,110.79291499601088,101.21571889856051,3912,2.618785346884529,0.017572116877556623,Bearish
2022-07-16,91.16142563798867,106.20672097550678,106.19580368414154,91.30389663956366,5744,2.279117744497683,0.05867498441772692,Bearish
2022-07-17,101.53725105945527,101.77701000933254,95.26931059118445,98.77100393902187,2873,2.684794091716881,0.062296827946059466,Bullish
2022-07-18,100.58208718446,86.64655641289899,116.96571501664491,94.70737186315021,4258,2.3995449650984226,0.08557310253076497,Bullish
2022-07-19,88.57029702169376,103.80197851005963,103.4147042697303,106.26050250772168,3817,2.4014489577611844,0.06313894224648559,Bearish
2022-07-20,103.57787360348283,106.10585745283824,104.72695460490068,94.48606276411513,9636,2.33277860082408,0.06656132152744759,Neutral
2022-07-21,105.60784526368235,105.5979044793104,95.66732040926804,77.26967531793119,4641,2.1230427281967454,0.044757097122641885,Neutral
2022-07-22,110.83051243175277,110.80780725554622,100.5671774880849,107.61921500713991,5458,2.5458628256869296,0.09883008684338937,Bullish
2022-07-23,110.53802052034902,108.33922154548904,96.15197285973099,85.94267699137382,6307,2.842533542567714,0.0420371597882306,Bearish
2022-07-24,86.22330632042909,104.59180079228437,103.27053940076577,88.46233661351181,9933,2.4874670952934874,0.037761557571764595,Neutral
2022-07-25,90.62174960084877,99.29834288541353,122.11708480142343,89.04338705956508,3041,2.1298736716610294,0.08619029837037213,Bullish
2022-07-26,105.1503526720866,83.39039066484008,91.28098857068643,108.74438093170818,1679,2.656068562323289,0.020515254422091803,Neutral
2022-07-27,105.1378595091221,104.29618219132585,88.86438602123259,73.64325786021304,6738,2.1750404019794023,0.0130518323094417,Bullish
2022-07-28,105.15047686306048,102.07687687163111,119.71170327493608,126.37748533659993,6668,2.258193120602163,0.0523911384919697,Neutral
2022-07-29,138.52731490654722,102.71578837195374,102.90676322848134,105.56056809066052,8697,2.452332365537286,0.049965269534486094,Neutral
2022-07-30,105.70890510693167,87.2325142417969,98.30927261340084,97.23238914129159,9033,2.5245686877080398,0.04544224036898676,Neutral
2022-07-31,111.35565640180599,89.18943459591738,115.39904687396077,94.45105999383713,1062,2.2982671997666344,0.06987859514243304,Bearish
2022-08-01,109.54001763493203,110.53152853332904,98.94384460263136,97.85554074857657,8829,2.4445367886868037,0.03183587635422859,Bullish
2022-08-02,106.51391251305797,99.60444846143345,123.26009713546937,100.21122428379338,8352,2.643032480152137,0.05128334251249349,Neutral
2022-08-03,96.84730755359655,106.81500697372624,111.7792587133927,101.45215585950056,7915,2.670435776961604,0.042797880947236265,Bullish
2022-08-04,107.58969220493267,100.28318376130461,100.12088591854297,100.55604466003449,9326,2.750291284362853,0.03217562999786498,Bullish
2022-08-05,92.27174785462428,100.29756139495746,126.57308213265503,95.8958068125525,4644,2.8818837304586986,0.048763198320786336,Neutral
2022-08-06,97.63181393259991,109.38283805975998,98.94285076996661,93.02661579692673,5970,2.6619778643322234,0.06705191606590205,Neutral
2022-08-07,95.14636452170896,94.83955271782627,112.42095372009307,93.48726716346488,9003,2.456652697119152,0.09241136240861003,Neutral
2022-08-08,100.81874139386322,100.96120776940984,107.99292580406492,93.0509171964732,4278,2.6718627582245946,0.061588379657979385,Bullish
2022-08-09,123.14658566673509,95.37724711294958,118.01741289398798,106.33770096867065,8296,2.5933432468010365,-0.0002167000280290307,Neutral
2022-08-10,81.32734807408252,95.65503772567685,120.61511196726853,100.93556722280861,4074,2.6012733955052507,0.049237198291167024,Neutral
2022-08-11,106.86260190374513,96.90827876531361,105.32004149065767,65.5961136533572,9312,2.535443757014337,0.050996055818056656,Bullish
2022-08-12,83.87284128810349,102.22133771633713,97.46582129653817,101.55900776529761,8552,2.3175891795692185,0.068724180191599,Bullish
2022-08-13,95.28068134210567,95.21251378336522,109.59972142939117,96.94736194718774,2637,2.294380718435614,0.05369620604979478,Bullish
2022-08-14,110.88950596967366,112.55756125573521,98.22284630247894,94.81291243554102,6103,2.4805763597849713,0.07506177834604154,Bullish
2022-08-15,100.64280019095463,91.05392697780496,125.13387247526623,91.11481546911114,1644,2.5297820151692743,0.05783341231230543,Neutral
2022-08-16,89.22255222070694,98.13128355838641,106.36535331082737,106.24112719986013,3032,2.3641118154136573,0.08117596138995778,Bearish
2022-08-17,92.84696290740033,95.60268941725825,101.34678448687892,104.47526462122858,3761,2.584668389721715,0.04122508159903413,Neutral
2022-08-18,106.79597748934675,114.46977884353733,106.84680305864909,87.27122332176391,3068,2.916153180807838,0.05288686934593388,Neutral
2022-08-19,92.69633368282864,101.96554776511574,91.52873710470304,99.07052287124534,1241,2.1511338561443485,0.06653283070779793,Bullish
2022-08-20,102.16458589581976,110.31844539468635,95.28385961489349,85.28343265458714,3668,2.616448895512752,0.038556118594131134,Neutral
2022-08-21,100.45571839903813,85.14439626963028,117.00413907944426,81.20381835211069,1802,2.486805075821838,0.03419974395837848,Bearish
2022-08-22,93.48399652394183,102.67050265869258,98.43105721028604,88.73282775410036,6059,2.590131111066931,0.0374129580062663,Neutral
2022-08-23,121.43944089325325,108.89630795623437,94.53089017318061,103.62393472382759,1195,2.413857059907942,0.03501568765822156,Bullish
2022-08-24,106.33919022318011,100.82283989275425,110.36652752527286,104.53125045376086,3187,2.4707880229905665,0.06045123841750655,Neutral
2022-08-25,79.74857413342393,110.65480375065351,116.85704154662997,100.13085420097293,3330,2.52590009020162,0.013303839407308886,Bullish
2022-08-26,101.86454314769428,94.82711549899628,112.18953310665067,102.25095786847997,5841,2.4396732232929477,0.01888059947364186,Bullish
2022-08-27,93.38213535231613,114.0934744018558,114.96047685805816,100.16178287114958,4606,2.19589173652602,0.08725492984714525,Neutral
2022-08-28,108.52433334796224,122.9889812361925,97.43204911430539,88.58518404777048,9468,2.4532169938711093,0.03549806558051645,Bullish
2022-08-29,92.07479261567299,96.37161439560342,90.78189333258156,99.31922544673941,1060,2.216713274360761,0.054000297023434965,Bearish
2022-08-30,98.85263558533102,95.54497478599228,120.01333651955487,103.00409525227683,4927,2.630638622116062,0.020217071642017435,Bearish
2022-08-31,105.04987278980457,114.533844771177,101.77320161157864,102.54291329813574,7296,2.1268909797843754,0.051882485355785525,Neutral
2022-09-01,108.65755194170121,115.79572145730712,102.49166983544953,106.88913371474644,3591,2.705730875891178,0.03561986664637192,Bullish
2022-09-02,87.99703592944223,94.77139972846732,118.28194141849058,102.08303847201064,9758,2.585912600040696,0.01873821003679172,Bullish
2022-09-03,96.65498764159051,95.79813182904142,110.5623000940066,98.51448207541583,7121,2.586677723146779,0.07673840875129427,Bullish
2022-09-04,95.25054688839043,97.18215391139493,109.55887772081607,105.70150238316427,2200,2.067138026430432,0.07365131454121743,Bearish
2022-09-05,93.46670767426288,86.55549488965723,126.65002344901083,94.7347874075094,3854,2.4342801123816886,0.04785290418571968,Bullish
2022-09-06,117.65454240281096,90.81348053515802,98.56481769619857,86.18125348772283,8024,2.730712685731972,0.06998838065355822,Bullish
2022-09-07,104.04981710960955,89.95859233247933,114.27840128081237,93.36933036056236,7972,2.396278404193941,0.0880658537545432,Bullish
2022-09-08,87.39116045664954,92.32202434895872,105.57013124897084,87.55097355193551,1136,2.284387570007257,0.0650815186631618,Bullish
2022-09-09,109.17861947054776,99.65315112613219,107.68592278863257,88.24821725025619,2029,2.3726659809988577,0.05959359479019927,Bearish
2022-09-10,121.22156197012633,102.3421473253652,120.28468426412532,93.55481329284483,3594,2.486344475472132,0.053978993929666194,Neutral
2022-09-11,110.32465260551147,115.50500492814076,110.07835756289624,87.07580079000039,8206,2.3297259099374377,0.0629899472971848,Bullish
2022-09-12,84.80630034045987,90.0164595926121,110.38296079049633,91.9203847036096,1661,2.7467634464178587,0.042721612130207275,Bearish
2022-09-13,95.15765927133748,109.84322398476584,115.72507337309803,76.06385333046214,3472,2.4870664940019216,0.04446728261677107,Bearish
2022-09-14,112.66911149186623,97.86011155774491,101.35047270457115,97.13293707372938,1086,2.3888861304104143,0.0590178275042503,Bearish
2022-09-15,92.92330534381219,99.50536290347567,96.60790332660994,95.01205475362224,7219,2.2397312946328842,0.04052270259680942,Neutral
2022-09-16,104.43819428146229,106.74819492166604,94.55190805978967,86.82911368931809,9143,2.5968893210557877,0.04268400654412995,Bearish
2022-09-17,107.74634053429337,88.77277978437701,85.33643410623998,101.59245668432405,7968,2.5923332589422725,0.05000373329269947,Bearish
2022-09-18,90.73069528421917,103.82409746184051,125.56207129940321,104.37570137626558,3773,2.3415582187630615,0.07301215101186138,Bullish
2022-09-19,99.404746439382,101.66452208213056,93.96791634278317,78.92440135631026,2700,2.052734194337171,0.02734672492880705,Bearish
2022-09-20,67.58732659930928,104.92451264008149,102.78746376414227,87.37275221433785,3700,2.582152437915177,0.06518357005410522,Bearish
2022-09-21,89.7561235866571,102.89168643907819,102.2318670011108,87.30857650212701,7815,2.4626393217477998,0.0658359282560694,Bullish
2022-09-22,97.4743184860684,124.55300139910895,108.07406697809101,85.60096898891135,2647,2.567214233585134,0.06571624018593619,Bullish
2022-09-23,87.5221681803515,93.62260015748684,113.15737212539297,103.29474841931749,7038,2.8914349067279277,0.03386507239581023,Neutral
2022-09-24,116.32411303931636,94.69003044998182,113.60473488359746,93.06173861227197,6164,2.4946336312581883,0.01614636768978126,Bearish
2022-09-25,85.69858622039368,93.76859473575236,99.16922561431062,92.35485158689389,6520,2.3972322766314456,0.06119400944822845,Bearish
2022-09-26,95.59955513303017,94.44522880839746,103.32878286213588,74.96137635593246,4687,2.270535606470332,0.05375077568827924,Neutral
2022-09-27,101.30740577286092,93.62612872693482,107.825799504883,101.35418030209226,1596,2.43751564170099,0.07008753269526265,Neutral
2022-09-28,114.41273289066116,111.89016531107552,102.51308873816453,82.60741605146528,5545,2.532115469923128,0.03598926343980924,Bearish
2022-09-29,85.6413784882056,114.20504247989855,121.07345576019992,95.59932630266329,9676,2.510661484119752,0.06520236752512723,Neutral
2022-09-30,111.63163752154959,94.29253706250523,109.90974951638252,97.77376937958192,9837,2.8446930680134206,0.07108824224438823,Neutral
2022-10-01,100.10233061019586,91.67644426895771,112.34877786049817,108.60658595838652,5757,2.5998171130931884,0.048093805579012994,Bearish
2022-10-02,90.18491348952048,104.71415556386404,111.62881268667412,81.91179600880888,5384,2.473039825698558,0.058338590065296334,Bearish
2022-10-03,104.6210347426327,94.47776955719029,116.73473857485325,64.80487844179174,9912,2.3586878842333054,0.0576393291504819,Bullish
2022-10-04,101.9905969557347,106.32931817755511,106.81021558703706,96.83849544753694,5733,2.553334552756664,0.033570609419406996,Neutral
2022-10-05,93.99783122841205,102.029230208513,92.03168052044154,113.00511181510853,8081,2.3185983683234683,0.060621932045692155,Bearish
2022-10-06,100.69802084990019,84.84255885002769,108.99687951752642,107.38946352939438,9690,2.5359662159075813,0.08244996681802028,Bullish
2022-10-07,96.14686403138239,115.47505201330061,98.4864310620817,97.09659415274626,8117,2.5974827853809686,0.05044407869085273,Neutral
2022-10-08,101.13517345251248,117.95877673095522,99.71383318250243,90.08363814367952,5729,2.4567095554457103,0.020781501226966856,Bearish
2022-10-09,106.62130674521046,93.87211309515614,110.86364018755093,103.0712259663731,2673,2.3739427111869715,0.03625546938171981,Bullish
2022-10-10,115.86016816145352,96.12298440064016,117.38283071433636,85.26453800295532,9306,2.062940630533019,0.014411411022967453,Bearish
2022-10-11,87.62184501173151,102.85865390724905,105.21271576736062,99.7635776935622,8178,2.728767345284078,0.07580522258092129,Bearish
2022-10-12,121.33033374656267,103.34456789987026,108.08833012598964,100.05470159166627,3294,2.5806600780490565,0.0652821059265619,Neutral
2022-10-13,80.47912200477498,106.5854427267283,122.02214944635239,105.6020990749888,4630,2.5855234563169565,0.03997261456664364,Bullish
2022-10-14,98.48214904964416,120.1020453876635,107.40753179488568,122.59660038911078,1146,2.18772953284454,0.02163880156062127,Neutral
2022-10-15,105.88317206484577,98.2305277250595,131.01683114180395,98.92415967178766,4453,2.7759677399480114,0.0333341008351502,Bearish
2022-10-16,102.80991867735032,92.01702755461547,110.65509645631545,89.91036374292501,5507,2.4069566266763838,0.037234460686057055,Bullish
2022-10-17,93.77300480179406,86.20680771985472,87.39237240844182,94.74425687808005,6783,2.4422409394601026,0.05218815198040117,Neutral
2022-10-18,97.91877749642725,92.69069960058081,112.53341621104532,77.30924095110882,8751,2.286142628916235,0.051515186863967596,Bearish
2022-10-19,95.06999065341168,99.66873027126204,108.81158384882778,88.05286868910942,6628,2.1426108537320303,0.07682863950747405,Bullish
2022-10-20,94.10635243055789,117.94557863517788,117.89752754082745,90.90717561886896,9328,2.731469262344713,0.03614490284603915,Bearish
2022-10-21,108.49602097021025,94.82388700963828,111.73181351269959,89.75911602065408,4360,2.757319473879525,0.01983624291292143,Neutral
2022-10-22,103.57015485965047,102.23787951638899,103.61544016016227,96.52354872033722,4005,2.4668943697293346,0.026860430497154163,Bullish
2022-10-23,93.07090404739346,99.83577103927247,92.75701763710634,86.775800676178,4552,2.36412308603873,0.04953950291106998,Bullish
2022-10-24,108.9959987543325,111.88393273448084,102.90976742713974,106.21030667324472,1018,2.4245911661731485,0.03542643866108419,Bullish
2022-10-25,103.07299520876609,125.26932425873622,96.494795457907,95.00207064918197,3242,2.43007700199289,0.044159829089739484,Bullish
2022-10-26,108.1286211883896,94.6913122707968,99.19476550195277,94.90699678861385,7318,2.26002805556408,0.04091932839361113,Neutral
2022-10-27,106.29628841923612,95.10560557481777,110.88578404420609,91.72105283487082,6097,2.441548956911232,0.06980476907410366,Bearish
2022-10-28,91.71004989077927,110.44160877069072,121.69904504351406,96.55190683858979,9640,2.530620398586865,0.038260686258153556,Bullish
2022-10-29,94.3981895980303,106.81891489626311,108.9467152982298,103.25098264667635,2948,2.7036314495297504,0.0424531584610438,Bullish
2022-10-30,107.47293605123262,118.46707325736034,93.04116937964815,86.32869784289099,6618,2.5028488328027425,0.06434567162317552,Bullish
2022-10-31,106.10370265433465,105.83928185325964,109.4460266822014,88.41883510924744,5236,2.184729658220113,0.03870036177935848,Neutral
2022-11-01,99.79098406035853,96.40707909212941,116.96631486645651,91.96273971223336,7901,2.570709572639735,0.05846424748914036,Bullish
2022-11-02,101.17327383308782,105.9065483069231,98.90217095680617,81.54129076526785,2920,2.4488138876660495,0.05662970524043518,Neutral
2022-11-03,112.77664895788425,111.08703580582907,103.65982833327082,86.80742140278502,5188,2.7740819387967734,0.052835317179221596,Bearish
2022-11-04,94.0842861116417,108.20482181197364,105.14688194729197,90.23779126455341,1238,2.7858915604088015,0.027312072345870207,Bullish
2022-11-05,105.47097381170038,105.07274031107298,97.1510168691776,103.74389180712727,1204,2.79289086245346,0.07459548449043873,Neutral
2022-11-06,97.97807347566106,110.66674689589154,111.4828043384386,97.62561329001925,6552,2.387682412925344,0.09441367593166228,Bearish
2022-11-07,97.82318796772779,111.69295590445672,103.79051851392218,96.93589911367545,5927,2.8979710146675117,0.0501765627653479,Neutral
2022-11-08,110.9877685198719,113.82158991037527,109.19532443907028,103.50897962167971,5390,2.570188500979141,0.0290729025325925,Neutral
2022-11-09,108.2541634898803,106.48709887589642,96.125078221979,93.62628211600604,3687,2.8252760811337265,0.050582054166500454,Bullish
2022-11-10,108.13509636000639,98.32881919683146,100.62541699676589,98.9046484992889,5951,2.399476077233648,0.06979720281171999,Bullish
2022-11-11,113.05478807154329,101.46713686433323,112.22381357827771,93.96778247067503,7160,2.4402806524780747,0.03769624648568786,Neutral
2022-11-12,100.21003841632759,112.06508966508358,101.27166847908234,97.65362349399628,6388,2.554805470534417,0.047422016317636206,Bullish
2022-11-13,106.81952971294965,91.83064329012764,122.26963851233405,89.17241342388418,6126,2.530375521922788,0.05681308272824283,Bullish
2022-11-14,96.89733243406543,103.68673308872901,101.00363814385398,70.61182841723571,1816,2.750962388693834,0.0740609570441185,Bullish
2022-11-15,103.24166352488442,96.0666118767264,107.24684725751887,93.65720837813696,1192,2.453574136290309,0.0655084746617875,Bullish
2022-11-16,98.69856945632316,100.28744822934817,114.3259083187309,109.2274813609994,2776,2.7329229980620715,0.06633735939064525,Neutral
2022-11-17,100.96995964992718,112.78451862607298,90.81634267066968,104.26215402241593,4645,2.646446901426531,0.0414746288664715,Bullish
2022-11-18,105.95157025436913,101.91099068019903,87.39191188019224,104.6539748459117,7314,2.45732155627857,0.05803837910347846,Bearish
2022-11-19,91.81779316766527,100.46436548156149,89.74343685429905,107.36130721806218,9442,2.6309353234964625,0.03556073345749742,Bearish
2022-11-20,120.9238727568546,86.40143859020081,117.62584103427182,95.88657590961438,2788,2.40534699063339,0.06691052199770423,Bearish
2022-11-21,89.93982618500299,107.46253566027221,99.48141854107553,96.97315707405596,8374,2.9700411600011445,0.07302439281571227,Bullish
2022-11-22,87.85811387212269,106.45484181141076,130.58199285668252,88.8234810456565,4700,1.9671335357851105,0.06106727137545245,Neutral
2022-11-23,111.58110873500068,121.6325472330546,99.35752401342612,91.8392714397295,4893,2.634588640899008,0.04265178826410369,Bullish
2022-11-24,107.91662693962935,96.92221765046999,106.84551303197037,101.15771149771142,7811,2.1470808181445906,0.04592545743916804,Neutral
2022-11-25,106.24119817052156,102.1915032766394,120.42109952567876,107.03884437168816,3679,2.454868659356386,0.0861303242132402,Neutral
2022-11-26,106.2834550926428,102.49383683710755,125.06092888159122,93.60553724319,4904,2.482878382105751,0.04298579110753008,Bearish
2022-11-27,99.87753227153085,115.77453279763475,125.61503576636397,90.49810735148588,8260,2.8015267117827367,0.07099988334901136,Bearish
2022-11-28,91.02745628514168,99.04704467613048,117.08366230593143,95.00527958856597,1504,2.361569557584622,0.05677783196437044,Bearish
2022-11-29,100.75804558193727,102.7902152577034,115.24062525811462,101.01206748929116,7773,2.7616023831323555,0.04331727103080315,Bullish
2022-11-30,93.22838288487888,106.0789650971654,110.92526949201184,80.56145183866458,4816,2.2642366719550404,0.0231070194506115,Neutral
2022-12-01,109.7511973341775,101.86609123156359,112.78361076166638,72.03819046862762,1717,2.769333944750973,0.05423200761177014,Neutral
2022-12-02,98.52942618497862,95.53566385449471,99.48814283671467,89.49463150508416,5434,2.4051309116193056,0.05182201733212245,Bullish
2022-12-03,91.74502803207488,101.94089992898307,96.81801116577692,82.79287574085842,1658,2.5146869038482236,0.08613069342918667,Bearish
2022-12-04,96.78614158347007,110.73631749859771,104.96625542589048,89.9185980235269,6057,2.4327242673779192,0.03279614609155004,Neutral
2022-12-05,104.12931454275625,89.73484700588939,103.29815377475072,93.52219681182528,5008,2.756472694823121,0.0958953718309557,Neutral
2022-12-06,94.36275447196026,101.32969674146877,100.46771950672725,90.46751590976987,5994,2.7175479686467496,0.05757621058993187,Bearish
2022-12-07,91.77779604433569,92.99879185060827,111.96387447456715,109.52467534470745,5234,2.588700344116905,0.057556584424443155,Bearish
2022-12-08,102.43687211491913,111.95046628924842,114.5530520857051,98.2674476460232,4764,2.2696263230826452,0.0381385573113554,Bullish
2022-12-09,102.44966571108722,84.76813095216225,105.88406886291847,98.00474359610828,5637,2.3569956263939513,0.05629412615108938,Neutral
2022-12-10,94.9305682462887,94.41078152728412,119.77530081055262,101.22207144043402,3104,2.2942846948987747,0.05946101856466426,Bullish
2022-12-11,95.28961694381677,103.7721187506452,93.58310885866496,83.61166882219231,7801,2.0503714226415672,0.06874654583641754,Bearish
2022-12-12,102.32049937357637,115.65524029234341,103.06340540720282,105.39111787420269,9575,2.7522636203700093,0.030433555848161143,Bullish
2022-12-13,85.51915658502676,99.34249738927012,97.83177679397195,94.2423571346454,3607,2.4344352947314607,0.07813561711576078,Bullish
2022-12-14,85.92536225623445,94.44800473306802,86.33463382926939,101.70480617241212,9385,2.4323012071415406,0.057228310475439595,Bearish
2022-12-15,92.81555778747564,118.8115706944059,104.17319314157301,84.28142766959844,4719,2.799220446685112,0.06216457790614624,Neutral
2022-12-16,97.86552848288153,85.51986099583756,103.78252491616716,79.46241233983936,3581,2.4048022795227264,0.04558115476990479,Bullish
2022-12-17,103.10907565598005,78.01194043379918,120.13449743242131,103.17889658025028,3565,2.331905812862814,0.031437147234419,Bearish
2022-12-18,114.75356216949552,104.40014450053333,111.30811684554777,98.76409526097517,3763,2.455050875897003,0.05145449254806575,Bullish
2022-12-19,108.5765962320202,94.97945775647389,94.75813175670795,85.9794844564249,7328,2.273466189624621,0.05374591099646437,Bullish
2022-12-20,98.40061470036574,89.78767182869287,123.54092566334188,86.30336918725305,6991,2.5688711538575912,0.02229143463771019,Bearish
2022-12-21,99.80983792097311,107.08356447299353,117.21033695525352,106.2543478441477,4406,2.425267584347166,0.0658657081033025,Bearish
2022-12-22,89.97470635362191,102.43800713771199,110.82097703468615,83.10588107132672,9923,2.3985457178812375,0.06993049267793161,Bullish
2022-12-23,99.8148686400761,94.35921369263272,102.73515901150168,111.42672953255963,5780,2.3812193655959395,0.03540670752357747,Bullish
2022-12-24,97.11341361079862,87.19695601329106,95.4056076327652,85.99379265352131,5177,2.4787557012315977,0.029548292994558176,Bullish
2022-12-25,103.22718560338089,108.72457328280144,101.27793223928947,101.38391925608383,7476,2.51669622510397,0.04394077246251398,Bullish
2022-12-26,91.72769056447677,106.50201177958661,115.88748619704185,91.71381524251015,3604,2.3960049823184955,0.050477901939726,Neutral
2022-12-27,105.19346514241172,99.00824136220618,123.84586305934609,101.03187431082343,9181,2.4282468127809707,0.044716579801693315,Neutral
2022-12-28,115.32738913002578,118.46636996047665,120.43243528272188,89.55885997885807,3382,2.48369543463613,0.04878164334458434,Bullish
2022-12-29,98.91239851543142,89.29915233673847,100.11150578213726,93.37207093927705,1531,2.463516372892092,0.054429553953518325,Bearish
2022-12-30,104.01711722098942,84.74474829075261,93.80382566710989,95.40919175395722,7079,2.5062151933750028,0.02263462122548742,Neutral
2022-12-31,106.90143991711112,93.08091930118755,106.40886246911204,84.97812544218527,1634,2.364665839350397,0.024934087453934703,Bullish
2023-01-01,95.98779528114164,99.54413983644503,87.31560634437149,102.40824345420125,1002,2.700918581825298,-0.004445554818462892,Neutral
2023-01-02,102.24092481810416,102.43339449322691,108.23167714184781,89.86786433528415,9397,2.5193656354819036,0.06885090456906943,Neutral
2023-01-03,100.12592400781794,97.5876394214367,103.52397413701331,92.71400084659982,6951,2.3992306494350246,0.05030454041234899,Bullish
2023-01-04,100.97676098548831,103.52055396514297,100.33963498131757,85.05650625391488,6626,2.568876843475707,0.07095702262930313,Bullish
2023-01-05,92.26990216144533,87.48460575809555,89.05296932733205,69.3766634120469,8739,2.485126280236257,0.027245240083772156,Neutral
2023-01-06,100.24510174258943,114.4376460407326,110.13600106569717,93.08972237399831,7003,2.1532347291032665,0.05048814679066325,Bearish
2023-01-07,104.9799829124545,99.17848821607431,99.6729916033809,119.12615421612915,3890,2.568190538044325,0.05429653012233203,Bullish
2023-01-08,114.51143607795042,111.17295831588127,93.30083164289712,102.84604287898024,7239,2.2960987595231623,0.0387643501033997,Bullish
2023-01-09,109.59270826085206,103.42725346377703,76.2773778671835,94.80739620265605,9026,2.6868855566462617,0.018931444030664147,Bearish
2023-01-10,121.53182457511556,104.56753219153784,104.72485094949364,92.37109170791733,4306,2.4516500722213106,0.08491742672270314,Bearish
2023-01-11,92.3265243711195,105.69767280232205,122.72251596669744,95.22465892812046,1897,2.656014059478213,0.07798566682540102,Neutral
2023-01-12,108.72320636720679,104.47708560017315,121.6125921454787,100.4711911517521,1670,2.3739562893604784,0.042361354565492705,Neutral
2023-01-13,101.83342005738352,106.42722759867544,100.42903743413729,83.19187184691155,8291,2.513985853428128,0.060204552903392154,Bullish
2023-01-14,121.89802933217672,113.29152530132431,98.97787939638219,106.14321694668872,2505,2.742048700101375,0.040304186472862144,Bearish
2023-01-15,91.91701714644849,101.9652116970147,109.68774256075024,102.15381315441245,7460,2.4461966907170356,0.03009192793950505,Bearish
2023-01-16,91.60278157819224,107.09003757588512,95.01614560811709,102.18185725707934,6167,2.381836580252839,0.08654523009914028,Bearish
2023-01-17,94.00607354555977,99.10264305712774,108.01791899819466,99.38475738809727,6255,2.631008122756358,0.01689262237188397,Bullish
2023-01-18,78.76104275690193,114.40117215449473,112.6608027838469,95.1961665769399,1249,2.627132319350192,0.0442899260605777,Neutral
2023-01-19,94.74244978319238,93.2360769794073,117.26933223884308,101.7286123596682,7457,2.3902501733170363,0.05168647654484468,Neutral
2023-01-20,92.40867338446301,118.00940432910815,103.99845923520047,100.91814133741379,2892,2.1029077959164475,0.08302473157374574,Bearish
2023-01-21,101.50393786476208,99.59842049355656,102.96326249823034,91.45959289058976,4439,2.3779954045003286,0.06793177308472037,Bearish
2023-01-22,103.4175597577716,85.69224897881952,96.2201741324344,89.26398227103098,3854,2.6354719043372845,0.01655500450865363,Bullish
2023-01-23,118.76170839215887,101.2810441491079,96.73119645960139,96.01856295261987,4792,2.344993162115255,0.04994499517931636,Bearish
2023-01-24,109.5042383818605,93.1894834252512,102.73521108098473,110.49020151495188,6330,2.497812432596761,0.05042120396728719,Bearish
2023-01-25,94.23096344337597,108.40643548988724,108.67365506816178,82.60892924346099,8871,2.3685030124067312,0.04543323329401116,Bearish
2023-01-26,91.01585328651642,93.4737602069761,114.13584626233249,80.3247473424756,9235,2.11356656749479,0.06239618215060602,Neutral
2023-01-27,104.91919171506505,95.5381656678522,96.96821049319655,96.64760841236517,4612,2.3649037645920146,0.02181786144488046,Bearish
2023-01-28,86.79766792979358,81.10459269054469,119.92688568959522,95.50887701856018,3618,2.6346264041379426,0.0418272817492666,Bullish
2023-01-29,118.31458765854353,95.47693680750923,102.2887639895743,96.73341664370409,5678,2.0259495039868374,0.059576374964261505,Neutral
2023-01-30,111.79440120721287,75.76120673371044,104.78632705651565,97.439531979085,4163,2.5504334700951152,0.06359151370321282,Bullish
2023-01-31,95.30824347895295,84.16097176514276,97.52788320852177,92.76797745365195,3942,2.2627861537201173,0.052988389470183944,Bullish
2023-02-01,82.86865470909123,107.60414656144297,80.75759739727059,109.89863438602082,9411,2.621688413894838,0.04423215599399402,Bullish
2023-02-02,113.53872374165412,107.85800158650832,113.8404539636105,78.99096021523485,2925,2.6428637871747305,0.04760117452747055,Bearish
2023-02-03,98.85460154747382,104.25457561784965,112.36843897092433,86.71502975219754,3972,2.4656104130177448,0.06480814244754475,Neutral
2023-02-04,112.37816311973462,90.33023856870787,102.18672442881787,93.96745239850952,1990,2.4660663682437556,0.0506780156825092,Bearish
2023-02-05,84.05572341205632,99.5228864385802,105.66990717224871,78.56811188845833,2812,2.3387274605727395,0.029163049091189427,Neutral
2023-02-06,94.00624977046228,99.96397460909432,110.159392177041,93.24145595567929,9995,2.230883319979007,0.025330048321101934,Bearish
2023-02-07,100.05243699718183,88.41635310807457,89.37454143113457,111.61470165728018,1489,2.8396185812667465,0.02020725157127782,Bullish
2023-02-08,100.46980593764742,115.0339830176715,99.70947322653706,95.20886488295962,6876,2.326985714565774,0.07911161636978709,Neutral
2023-02-09,95.49934528520757,108.77362290575671,112.94264679621827,97.30700905718683,4645,2.8135592262392946,0.0661492367122489,Bullish
2023-02-10,106.22849932347499,97.79035826170336,92.45710576830751,82.3983523482742,8081,2.3280999920399648,0.04787024233638906,Bullish
2023-02-11,89.32379570617405,100.26885838994531,107.9355793216663,88.83638591960522,3891,2.6050380780675457,0.04092415029671832,Bearish
2023-02-12,98.57620514978707,102.08382807947552,91.43418195376594,91.24803619676064,4516,2.272438568069273,0.03852139984065285,Bullish
2023-02-13,101.20295631711899,79.58265131575709,109.66429982433526,91.82284903243766,4340,2.604679003380403,0.0718647421516442,Bullish
2023-02-14,105.14438834058748,97.52822617479403,104.64358517702516,107.81643795003768,7410,2.434882528569376,0.08808867016349481,Bearish
2023-02-15,107.11614878088889,93.18015752002202,88.8486818409449,100.57691060725125,1053,2.437496767864866,0.03789214152144922,Bearish
2023-02-16,88.75357908162131,89.98379990105084,116.64739354457171,83.88542043062968,3575,2.62200463395689,0.07276831041311418,Bearish
2023-02-17,84.65885829264377,97.18899707114045,97.65408423201951,97.46504778432005,1615,2.4061717269841805,0.05056025830717779,Neutral
2023-02-18,112.7767682189851,117.97686526849523,96.89747562985619,99.98221748496785,6944,2.2143703009109803,0.04575142140179067,Bearish
2023-02-19,103.32314011979592,106.4084286126701,107.00569197230944,106.40149038521267,8404,2.6522611126818907,0.08008428565659848,Neutral
2023-02-20,92.51513463443446,94.28821010217203,116.48637349428715,110.80540686568374,1954,2.2708198820035346,0.04979668558514447,Bullish
2023-02-21,115.51151975522524,105.72582781356158,94.84178181021603,84.84905808172131,2629,2.603303456879582,0.05592728878509272,Bearish
2023-02-22,101.15674634292859,113.99355436586002,105.61679849847971,86.89142488789662,7859,2.6945993090666,0.05496547865822892,Neutral
2023-02-23,111.79297184063826,109.24633682912769,109.28816500330574,82.42422141085383,9841,2.4249012227295563,0.017488012666810965,Bearish
2023-02-24,100.67518481410109,100.59630369920174,111.93105607263143,92.65980140893019,4278,2.7364705688183566,0.055768222974321234,Neutral
2023-02-25,120.60747924881987,93.53063222294426,106.76441555277225,99.66358374446335,6455,2.5963567415722566,0.038746159511195345,Bullish
2023-02-26,117.55340842443204,106.9822331361359,101.32972160916678,104.87334516589102,4801,2.3608277159710447,0.021576937197087576,Bullish
2023-02-27,97.51035851520926,103.9348538542175,96.7240977935128,94.24048976357477,3561,2.780285800453215,0.039657258391024755,Bearish
2023-02-28,109.71570950954356,108.95193220027733,105.86143883046375,91.80152476745155,7539,2.271665635652122,0.03949222260726108,Bullish
2023-03-01,106.45375949585147,106.35171801681969,94.27860988014393,96.5175799224874,1370,2.424659914019287,0.07059765078260663,Neutral
2023-03-02,113.68631557532349,110.49552715319335,75.78649516505394,86.64857098369977,1857,2.458737039276134,0.028724207677959367,Bullish
2023-03-03,90.35076539419896,94.64764788439432,109.36559804157667,115.89538721694774,5886,2.621044740203651,0.034203051219014916,Neutral
2023-03-04,106.8605145999844,113.17394065634326,114.03934841086195,78.92338972881942,8485,2.723086659476227,0.054707765210960255,Neutral
2023-03-05,110.58424486849587,101.975996046924,81.37067564458161,96.84740578895725,1383,2.7105583113805425,0.02348412457291505,Bullish
2023-03-06,82.41260513576886,120.75260872625265,94.90269295290062,115.2360621922964,5334,2.5447496639148612,0.03681986483535333,Bullish
2023-03-07,88.16741487334225,93.10812181910433,111.19154261005198,95.06799844559998,5290,2.4439461791072867,0.016710465293335558,Neutral
2023-03-08,79.60767822239899,117.3596380316525,125.574954697117,93.09960964998506,3725,2.134803151674474,0.06840022920010792,Neutral
2023-03-09,97.30593165555442,101.97910783462648,105.20793707675408,91.42554577189573,7204,2.2371708291089565,0.043972737591196284,Bearish
2023-03-10,107.17542255795962,93.48581996385552,97.71997058770866,93.19608318237592,7111,2.853331097858287,0.04968164309995516,Bullish
2023-03-11,115.02357052096028,95.16114165945679,103.1710355889516,108.7284847467653,5251,2.1327856024994922,0.06832020639582181,Bearish
2023-03-12,100.74094780419775,96.7965269180568,118.74876419148185,72.88138088670493,1922,2.343101871351578,0.03555462232692226,Bearish
2023-03-13,116.28615545571292,104.24165946401916,98.54035820875464,110.33433701296326,3915,2.728921256410018,0.04376025982703992,Bullish
2023-03-14,86.19898541785109,105.228354880355,97.00807993349747,80.76042847549854,8957,2.5419426598394734,0.02887344001388517,Neutral
2023-03-15,82.96617560644845,94.26299996061421,100.17256477817968,92.33347670765585,4046,2.6856090142011384,0.028829925580083755,Bullish
2023-03-16,99.44452301103381,99.75645407739017,95.46671391741287,90.70755579701338,2230,2.6085656702541353,0.03158834211988243,Bullish
2023-03-17,103.84065448939307,121.42270358611864,106.22670315994796,100.88553269770719,8647,2.7939165074721775,0.040150192183326695,Bullish
2023-03-18,99.67305251905907,117.27543170100711,121.2467845846956,79.01875648116253,5933,2.559085457312977,0.042304089316538694,Bullish
2023-03-19,79.32557899960123,104.36323669674032,108.23079273116029,99.62172666081943,4940,2.6326895458303023,0.055772643017967596,Bullish
2023-03-20,99.10879960487212,100.380034781682,102.47646497873713,115.24309623286852,7483,2.3551506935883317,0.032175661039162015,Bearish
2023-03-21,86.95530499495146,101.20031326718261,102.08188731084456,81.3682599540719,1203,2.6172665951156273,0.05639265351834953,Bullish
2023-03-22,106.69672548830039,106.13517972730416,89.36809191303342,96.89706167610396,1160,2.420774780402154,0.05970002583046456,Bullish
2023-03-23,103.66598246096848,89.77207434801595,113.83109777147159,88.3801782220339,9960,2.4093788264038576,0.04064355634335468,Bullish
2023-03-24,90.60120213672644,97.42623462576655,104.22162802987198,99.25887206193036,4748,2.6789447029294275,0.03390550855163238,Neutral
2023-03-25,94.86133082663306,83.3141592612241,103.19520086409375,95.19147777415752,7718,2.680324675211873,0.0517015806395998,Bearish
2023-03-26,89.40786478111049,103.9922312260528,136.93107567844862,88.58513090955691,3581,2.8376884311492265,0.045941650739791104,Bearish
2023-03-27,99.37320902726829,106.4719593970274,107.98752908365687,99.87872284871074,2093,2.8246526370972402,0.054407036585470914,Bearish
2023-03-28,109.55142320501238,95.16813537700627,97.48208949904816,113.04348109786743,5500,2.683463032271755,0.08139732872519934,Neutral
2023-03-29,90.14273953664457,115.73986763290033,100.73642403794457,93.09096208272702,9799,2.1559108779526577,0.05137274096855431,Bullish
2023-03-30,105.04046515517844,87.7423433699766,116.48445709196756,102.19757942148182,6710,2.8655361965899395,0.03721538877439736,Bearish
2023-03-31,94.69742381627559,85.3562511979018,106.13270410537764,82.06727042128836,3875,2.6835935341332724,0.032182207761158835,Neutral
2023-04-01,92.07127167737656,102.24451818559972,90.61722021682633,85.43563623181991,4191,2.3468279819827393,0.03295596737356833,Bearish
2023-04-02,98.92969640045442,110.47098302612154,114.19228934575203,99.72406277880377,2837,2.6457818311125565,0.020744673857777587,Bullish
2023-04-03,89.64757677580626,116.83927691457869,98.31855914461006,109.84116028535965,1689,2.2925468518074545,0.06865487216691157,Bearish
2023-04-04,94.46350694652818,95.4111573713106,123.73297776217545,98.5561334878566,4759,2.6237260240219484,0.005334423612884713,Bullish
2023-04-05,88.02122107411151,110.78680833431295,115.80048065714648,91.86941969476845,3103,2.23674599178518,0.05976209635438612,Bearish
2023-04-06,119.6472513291639,99.61491530499293,100.52678104341248,94.99291405423354,1365,2.3383563182426728,0.032638721866495385,Neutral
2023-04-07,100.35263551971728,98.2737270005918,117.81016361735112,82.49592266030282,9092,2.641985825840105,0.039751895707517644,Bullish
2023-04-08,93.00274492007415,108.83659937486672,105.67855510527403,101.04515326355367,5172,2.7145773485985787,0.03204024716911223,Neutral
2023-04-09,102.13979910734221,106.52322878413419,113.52773675122219,103.82333062323409,7033,2.565087371886762,0.07891729319284062,Bullish
2023-04-10,98.8767195030917,84.2360784301575,109.84732817294474,90.4790966716692,3378,2.4427662726624058,0.050326312033715535,Neutral
2023-04-11,97.79030400466777,114.76540349725896,96.53643345009127,90.29957852240499,2205,2.077026740996602,0.06580757050085705,Bearish
2023-04-12,106.14166700043425,113.80091354147451,98.56450167682539,97.65878229652049,5988,2.458195780069728,0.07601053717192013,Bullish
2023-04-13,107.57507710047305,93.7443729849047,115.29960817581161,90.63280263959405,6669,2.6066970153649054,0.05326810948044808,Bullish
2023-04-14,94.69498852389472,103.95803533437409,101.65224667893459,94.33867385374178,3735,2.4366469788128704,0.026087524582895753,Neutral
2023-04-15,94.2418175935532,104.94030186282738,100.96351536758003,115.99721789166516,9490,2.4954844117811166,0.045587144997684556,Bullish
2023-04-16,97.24948302848355,102.60673765823907,95.44877420650647,92.52974299254004,1956,2.462876506416416,0.03515503972867595,Bullish
2023-04-17,76.98078835264415,94.4969484615458,109.23599065593461,91.41659847978778,7623,2.4356587564357133,0.03992991676225402,Bullish
2023-04-18,84.84808937801448,93.28376632061949,125.62524919243145,88.52458194364841,2474,2.5151754779919626,0.048107524147014226,Bearish
2023-04-19,113.66874267444524,99.74445929008554,94.32467085745728,102.44191971499937,5460,2.445461083569508,0.04731688715815472,Bearish
2023-04-20,116.44967713501283,111.72729019259364,105.24219456672758,93.18775826781896,8002,2.7886579107263882,0.05824218322040573,Bullish
2023-04-21,97.50963960443622,105.43600154594432,119.12220555415429,88.50626961678574,7396,2.0587162303232533,0.06114608587560974,Bullish
2023-04-22,105.76556963055766,96.29385667913894,104.20358608754285,108.21304032273012,3828,2.3908314828057846,0.047317096474670854,Bullish
2023-04-23,103.11250154543536,107.71698710648344,109.52371796249734,109.19603004513637,3850,2.325948755296555,0.05806937836215835,Bullish
2023-04-24,130.7888080845524,71.51457379369924,94.37606471853121,88.99576434261294,3964,2.543822120006882,0.03901280290129117,Bearish
2023-04-25,111.19574911434577,111.48765700372104,109.28307097207649,76.33460048639384,5594,2.515428957176625,0.07629559651193007,Neutral
2023-04-26,98.72082408519233,82.60286221221901,103.12855734995452,105.07513689836922,7644,2.824438620309886,0.038689774235647074,Bullish
2023-04-27,90.44459559399574,96.37559058596868,114.85729995679863,88.15370174239996,3850,2.890228409659559,0.07394372969244856,Bullish
2023-04-28,83.93553679742428,88.80330105373856,116.87386051564751,102.90625599162769,1165,2.3453833088859035,0.020478658164565566,Bullish
2023-04-29,102.03463635867223,87.05318524279095,130.89563642018615,75.29896182288164,1919,2.5001000130067257,0.04239185485178308,Neutral
2023-04-30,92.43649254715697,111.6082678737852,110.79633173213576,103.92597338299309,9305,2.539260883384871,0.04338043652772789,Neutral
2023-05-01,85.77746290402325,95.32298798688109,108.25796316582166,82.8882807071922,4504,2.340437250332533,0.05557983589496948,Neutral
2023-05-02,93.53427115757474,103.46503881730716,106.94384301577335,102.30764119066525,1991,2.6256764072075245,0.06723633606437647,Bullish
2023-05-03,89.18451996385605,99.53079421120816,101.46833707189312,95.14273067836434,7047,2.452098526247011,0.025012095938809445,Bullish
2023-05-04,116.87141635072564,104.77040827223121,108.38483843461691,85.46060580603356,4839,2.2864730298798044,0.02784033915914185,Bullish
2023-05-05,108.81639756949451,100.76821891060256,102.0459858986097,90.9296368707322,2258,2.4440863391466916,0.021961838645675243,Bullish
2023-05-06,99.92027358683383,87.1700777581143,106.68460976269614,101.86318456956701,8609,2.3004650854518705,0.07640368394396835,Bearish
2023-05-07,114.79944138890026,109.9626681944714,118.17597535607959,96.05894453115235,9706,2.7073293658838513,0.05595209885594245,Neutral
2023-05-08,100.77368307647619,95.06243416838687,94.9345743472036,100.84412980472484,5804,2.880311851022734,0.028312575830857546,Neutral
2023-05-09,91.38715798671737,84.4341810134025,116.39878561129045,114.76440584515485,1067,2.548963874778908,0.041138102520878586,Neutral
2023-05-10,115.23124077269657,95.71884839034088,118.17115067339866,79.35758388288949,6660,2.5222553536106553,0.07363522791322989,Bullish
2023-05-11,105.38910043684659,115.00759790634311,103.81931473008922,111.17212574968624,5478,2.530486953374837,0.04443761539377524,Bearish
2023-05-12,89.62753845673544,108.50221742113493,83.78145100991405,96.04355937523214,9210,2.736446805787663,0.04325623724417654,Bullish
2023-05-13,98.09661321916391,96.5134786559214,98.92178012905568,86.01215951676872,4521,2.7321398007194366,0.03437406586353883,Bullish
2023-05-14,91.24381746615242,96.50742295681572,117.96994546561109,81.6968637426101,1572,2.476869286290354,0.029500153723624745,Neutral
2023-05-15,86.17200269035663,96.78364948782617,104.77131937701118,93.10879609222967,8082,2.5505179854758184,0.07366647620886313,Bullish
2023-05-16,109.26177547531641,120.76747983560841,95.0069776770509,104.2165011192446,8832,2.6305292814354155,0.0834780317748412,Bearish
2023-05-17,119.0941664047013,103.81935452231554,99.95225078771783,93.72450879622465,6395,2.2724625086898533,0.030296111944253048,Bullish
2023-05-18,86.01432426180858,104.3004164719107,113.40620026504553,110.11154930247348,3258,2.742521647484091,0.07809884658436239,Bearish
2023-05-19,105.62969236690572,110.30283454031843,110.4673356820138,80.48824309948441,7039,2.8469663782454457,0.040252211674197895,Neutral
2023-05-20,93.49357430878173,102.38789159026514,102.61067900830305,94.87911052153946,1650,2.7330064209678913,0.06067295990737774,Bullish
2023-05-21,95.12874616235304,97.40957854179297,101.33175588185313,82.47606555586881,6741,2.250881217677089,0.07820427609628816,Neutral
2023-05-22,94.07606075761132,98.03650150915021,101.08241850956178,98.63631882624968,7838,2.105999908916225,0.04709846808592736,Bullish
2023-05-23,91.36009230320184,99.28398740585936,95.77589815501497,103.868873900973,3587,2.6417437347035864,0.04344116159465282,Bearish
2023-05-24,100.48521627944827,99.62777763490159,121.15375689469442,90.79238206318946,8876,2.3479621102075825,0.06602161927576372,Neutral
2023-05-25,91.69049883588963,107.2762954363698,101.7767953078866,68.95786143372865,4262,2.557426670824597,0.027800943259275023,Bearish
2023-05-26,102.70456825779839,100.519458858073,117.17158520825497,96.98948146796495,2338,2.8070297440015097,0.07294122755680861,Neutral
2023-05-27,99.49761890550863,107.3264007721558,120.21316051922452,99.3673855173351,5996,2.368608964720318,0.05285618784885167,Bullish
2023-05-28,97.6105195313359,99.19283419891417,114.9831089814796,99.04294754961698,6780,2.424489068718208,0.038444989836916466,Bearish
2023-05-29,90.92436337958402,100.7863519031609,100.68379687281951,107.35782191822155,3827,2.5553445945176634,0.037916647933682913,Bearish
2023-05-30,94.23228669431667,80.01799315467892,109.03730090336609,84.28946320350951,6232,2.240498072003554,0.022330749763432686,Neutral
2023-05-31,107.55391225825755,109.16327674702481,104.75804393609084,101.8021610545045,3217,2.3484287607988246,0.03927655666752021,Bullish
2023-06-01,105.00917187624381,103.46488475897992,95.96298139269872,106.92507512477975,4539,2.504971500750254,0.04471924476011198,Neutral
2023-06-02,90.22444755201448,109.98010109859652,108.24359281721603,77.21412415993484,8845,2.4399090262364496,0.028774129365770368,Bearish
2023-06-03,100.99332305429226,71.03744621806311,93.20960208840198,98.19651825918977,5383,2.6216815507598454,0.04909070047741992,Bullish
2023-06-04,107.5138712337179,120.88374704780728,116.87679388461564,89.95820168992329,3961,3.0531959228878534,0.05945834169050992,Bearish
2023-06-05,83.30594718878629,98.60410371844826,100.35382702701607,94.18477326898355,4226,2.519827667883625,0.04573055728001162,Bullish
2023-06-06,105.43360192379934,111.08182816737516,107.0115965587284,98.47676483538336,7837,2.3316576107923983,0.06325451653038533,Bearish
2023-06-07,93.37376241054153,89.60094072874469,107.83287871546142,90.12771435886448,8031,2.783648070951513,0.03385720034041328,Neutral
2023-06-08,105.70598668593159,106.12773905062569,102.41095026295923,88.24291920838388,4716,2.1822363049359557,0.0700676552843988,Bearish
2023-06-09,92.36740843457483,89.46584436826343,110.86693801475275,95.34152417488025,4414,2.2222183657941788,0.05243629411549716,Bearish
2023-06-10,81.9511789933548,93.76231039304194,100.25096343377476,84.12754061137197,2448,2.3809793122704552,0.08090514339509487,Bearish
2023-06-11,83.72457562116837,119.14031353866787,113.71297297457244,84.14174871114815,1570,2.4434226558960748,0.09828434624477467,Bullish
2023-06-12,100.48084946661382,98.09317599236654,91.54020319753252,101.79373282956503,3904,2.3761854526965585,0.04059512815393437,Bullish
2023-06-13,102.59722501721483,102.17432873179723,106.26379579546412,83.51205964841344,3505,2.4936975351153956,0.04141872246197084,Bearish
2023-06-14,90.95683374895592,108.70067730688754,124.38928999058285,101.66312500909211,1917,2.554948380549269,0.045075157561025654,Bullish
2023-06-15,106.38592458777374,104.95681887972604,94.99668675394426,99.6259129285395,7982,2.7137919070550276,0.0619140450035103,Bullish
2023-06-16,83.3847993773104,101.50418905143576,98.22255029475149,77.74193271209404,8427,2.5182376547687566,0.07651939940950181,Bearish
2023-06-17,99.33920201352683,103.64961002466225,110.13907849658915,88.22435347664344,7336,2.3876107504609796,0.036943830316603934,Bullish
2023-06-18,87.88983800237543,124.03415585238275,106.79581781939598,106.94109403047372,2678,2.7029290772878825,0.057624885329561455,Bullish
2023-06-19,93.4816389219784,99.42381202966415,108.50630099273559,85.18834468860318,1615,2.336456904853974,0.04728145420288466,Bearish
2023-06-20,100.47398671316414,102.01099046714967,109.89187130147664,90.35595737690612,8086,2.1734794508625352,0.062362182050811774,Bullish
2023-06-21,91.39586634716048,110.50654396007612,111.3472146856177,99.62060893251896,5749,2.7411912035809083,0.08018915386815381,Neutral
2023-06-22,96.15444455770175,111.05525932957984,116.09699841956223,102.83390509282596,4505,2.728370648962194,0.0451934352513397,Neutral
2023-06-23,110.0629280921444,111.8703030556038,109.09818656928513,92.48461113955504,5529,2.3415403215591786,0.01660264666652539,Neutral
2023-06-24,94.23108130476851,106.38730222029184,102.58742345381458,89.02489805308359,2135,2.420180229235815,0.06487803353760586,Bullish
2023-06-25,108.35692112065142,88.56995087269516,111.72573701202731,109.22369861698508,9566,2.3166144909340143,0.03334589562789095,Neutral
2023-06-26,88.70293145342382,116.33431532301096,123.99881934895215,112.3889966379758,8226,2.565324843513027,0.04713768526072445,Neutral
2023-06-27,105.29804177915283,88.53654606981311,103.67366253617426,104.78858050781795,6162,2.846409858273616,0.06574061673743228,Neutral
2023-06-28,114.41568620657901,103.02635465239034,95.25470695329358,95.85318142565023,1206,2.6405763597190246,0.055947897070622164,Bullish
2023-06-29,75.28355499872711,92.45724149980641,116.07080669286972,86.91734278359074,5875,2.7071449285166067,0.0479655994889391,Bearish
2023-06-30,92.03104744529523,99.35861653407008,103.79618836046401,86.69555593443435,2319,2.6639456663382024,0.03848236575083358,Neutral
2023-07-01,105.7707212718054,103.2876241030348,83.27330453985964,100.22514105265758,2141,2.499976170288181,-0.007997875605499978,Bearish
2023-07-02,97.96954613957007,103.21357215450273,113.47421677150422,99.18398220888683,5627,2.716668087582263,0.06396641631512405,Bearish
2023-07-03,103.71145873371309,104.21920754235285,99.64671814046078,109.01598592946429,8389,2.64900611258256,0.044940966015484723,Bearish
2023-07-04,93.9601481328418,116.13711269058646,104.0946671769584,101.50450092536138,3690,2.787889143030627,0.08026672556711452,Bearish
2023-07-05,100.865897874729,104.5353430151398,108.31980330569014,79.96919698240183,8323,2.408090211767649,0.0579605605992374,Bullish
2023-07-06,98.44322764607921,97.55843364709351,106.90499679779066,105.51947617722918,4255,2.152377672090923,0.039177492549303146,Bearish
2023-07-07,111.67782061659807,109.64087168288357,112.09451817139039,85.01939372685587,9281,2.7090502029746153,0.0713374017675208,Bullish
2023-07-08,102.54420843301213,111.89470488924641,100.64513629430157,91.16028728047648,6213,2.5699539041212116,0.0730225881191638,Bearish
2023-07-09,103.37602662075201,87.72392184863007,110.13105798176083,97.50200206251695,5108,2.4407907799357527,0.045619363712950445,Bullish
2023-07-10,95.88123033877532,105.97400069849859,102.40453322416083,114.95667489783965,4020,2.451969437538502,0.07387289731146456,Bearish
2023-07-11,95.12393775927507,107.01172742310898,112.38810480887503,126.09918556005361,2857,3.010937265180423,0.038893838892279056,Bullish
2023-07-12,95.6744181218038,97.02436496640009,111.15367484013053,101.06723059136183,9996,2.3715610694931457,0.05319295538815806,Bearish
2023-07-13,103.94452142378297,113.75706813311619,95.64561297955404,93.16803381279612,3789,2.329339338634733,0.06142816775437561,Neutral
2023-07-14,95.79015519179737,98.49944412967473,115.85982116175032,100.3450564848055,4875,2.5170568466986705,0.06569563168028378,Bullish
2023-07-15,102.89774856896413,101.25576453471542,99.64036554885952,103.87655425873837,8605,2.7360981755945923,0.0624304369723178,Bullish
2023-07-16,120.75400798645438,98.26928175716131,113.08057798281145,91.79332374442808,9135,2.9556803973058456,0.04334685638873655,Bullish
2023-07-17,108.71124703431693,100.15579047581467,108.6728731340134,112.95211355912322,7055,2.631472992677914,0.07187395281382883,Neutral
2023-07-18,96.73976467832159,89.03724913104799,123.38183676795123,97.30070759191402,4882,2.245918251204114,0.04751145353787163,Bearish
2023-07-19,112.01213922163944,85.59949117405705,102.76534017628148,99.97743089091394,8175,2.8941728541435596,0.03861945275449613,Bearish
2023-07-20,95.91924626978448,115.94505063224972,101.50683203881802,101.65924252054461,8129,2.4961062601845807,0.03891324065373338,Bullish
2023-07-21,79.61875464822145,91.53038651681672,104.80580394112268,99.21586610614456,6021,2.332458113621006,0.0887997678295267,Bearish
2023-07-22,89.91913689082595,90.08607650543692,101.96820217165724,103.38940500469613,5735,2.284121508580129,0.03516033143816111,Neutral
2023-07-23,81.29208078974145,78.46609886396286,112.9994190194205,88.82746813453076,3387,2.667265743867091,0.07583270453520893,Neutral
2023-07-24,96.48486515958692,93.61038252310497,88.83689391563412,89.4169824605397,7582,2.547765877237283,0.027290666083796607,Bearish
2023-07-25,100.18418379189552,86.76910206592501,94.46317580853646,83.99845767028305,6866,2.5690150753891703,0.059758108901483725,Bullish
2023-07-26,116.76437312275283,116.4201516013637,94.32197078420808,99.39501230620226,3566,2.7573006238143862,0.055941669029816704,Bullish
2023-07-27,103.26927373764163,110.09817089342634,114.50307591973575,102.78936503512114,1975,2.339569081698071,0.08242453759452456,Bullish
2023-07-28,97.80899471191135,93.11849654822277,122.10613372581925,99.57772866151886,8212,2.7732309256547296,0.036911962096629704,Bullish
2023-07-29,108.2940558118349,122.52435805344308,103.95550781462528,111.74492433347538,2262,2.396168535441262,0.03138671564079226,Bullish
2023-07-30,77.88864690992115,109.81765486991594,103.31178276809989,94.94403981170953,6047,2.9328014747824716,0.04766979243306036,Bullish
2023-07-31,102.35614558108566,96.75168616491378,105.70052163113182,101.68741655592513,8382,2.619747803198628,0.08329603658480905,Bullish
2023-08-01,107.70865193886966,75.00594285126427,116.6187830260819,84.08299123860685,7231,2.3159522940447244,0.03231683040112464,Neutral
2023-08-02,85.21413754220158,122.90942572590743,95.72646865809426,91.12900297525599,4327,2.094916383335904,-0.001768332644083992,Bearish
2023-08-03,111.43754043206928,86.10427533236404,107.38368982734785,101.95537757565778,6630,2.6617849444558024,0.051195356747465656,Neutral
2023-08-04,103.38496407494414,83.54601253043108,114.7519762978243,103.49102110743144,3259,2.4251639448019633,0.06899045835922019,Neutral
2023-08-05,95.84712086099199,110.2257043200964,110.01094169939846,92.06033052335818,2257,2.468886861095633,0.029723881347202743,Bullish
2023-08-06,106.32781866106285,124.39752406339272,106.89581616598744,94.28400748141934,1464,2.6532392018348214,0.06695864346706529,Neutral
