Date,Solar_Energy_Production_MWh,Wind_Energy_Production_MWh,Temperature_C,Wind_Speed_kmph,Extreme_Weather_Event,Visibility_Level,Energy_Alert_Level
2023-01-01,53.34157621873155,35.52653453701806,29.921167665379194,13.462406648073939,None,Good,Stable
2023-01-02,54.69973540331885,31.197781186216908,34.84951646354734,12.82860500689193,None,Moderate,Stable
2023-01-03,63.46119751898297,29.732073123405698,33.78258589109134,21.528797517875407,Heatwave,Good,Stable
2023-01-04,42.07584588167028,32.09994372610402,31.84294181622935,18.116304769264726,Heatwave,Moderate,Critical
2023-01-05,51.64502590043506,21.644063335516837,36.20777434238198,22.314852586597986,None,Good,Stable
2023-01-06,47.74894595320164,40.450924123830305,34.49641372972012,11.535258718768773,Heatwave,Moderate,Stable
2023-01-07,31.60434952177897,30.12343881942829,38.216750897848755,14.010154598783904,None,Good,Stable
2023-01-08,52.863333298670085,20.184135450593374,40.70484747128216,13.892196362571433,Heatwave,Good,Warning
2023-01-09,62.51250596524686,35.98547263129478,28.63584789773027,35.184895145879786,None,Good,Critical
2023-01-10,63.76334158677194,26.243057486585627,35.33765531990245,18.84023069762042,None,Good,Stable
2023-01-11,68.5747720929573,35.218566766380654,34.73436930622771,19.53543574760263,None,Good,Stable
2023-01-12,32.26280875410757,30.607837438563244,36.01707336694791,19.45782894913609,None,Good,Warning
2023-01-13,66.28627697881241,22.147925875805072,34.92264577616477,30.8698052413919,None,Good,Stable
2023-01-14,51.8483976436038,31.30630854302592,30.09668543884983,8.706624187753755,None,Good,Stable
2023-01-15,66.0056250736996,30.938547240639625,42.27374767685294,19.580703329800155,Tropical Storm,Good,Warning
2023-01-16,46.05217590804573,35.75885734693436,44.40380573101324,8.641001647579081,None,Good,Critical
2023-01-17,44.691995212051154,32.610819351942084,37.73444851725842,3.3413000229874683,None,Good,Stable
2023-01-18,37.847274237731064,23.802941764724544,37.99050889880578,14.860320366158504,None,Poor,Stable
2023-01-19,57.75977566406161,35.011346363092564,35.65524581980587,22.885146925524523,None,Good,Stable
2023-01-20,55.144760705317495,27.929677835998387,39.846016108895014,14.415534917480663,None,Good,Stable
2023-01-21,38.82990437769674,38.60132654427468,22.78427347384634,22.770356060675866,Sandstorm,Good,Stable
2023-01-22,28.358632329869998,28.226100563248213,34.980688606040694,20.74533413153379,None,Moderate,Stable
2023-01-23,54.15245234323394,28.94354321103372,32.13686498652244,19.02654081071554,None,Good,Stable
2023-01-24,55.29170366944733,25.890398337131238,35.729090490106444,28.854744918401607,Sandstorm,Moderate,Stable
2023-01-25,40.13048488274234,27.50700982162913,40.463137825865545,15.827744151067275,None,Good,Stable
2023-01-26,38.12171586629038,26.185296583339426,35.095170881080385,22.66458794952194,None,Good,Stable
2023-01-27,56.55868179146248,35.88224412683136,33.19753830664664,7.3783926677841425,Heatwave,Moderate,Stable
2023-01-28,68.56393698324885,23.342458502227736,27.98364485129776,20.691456062857412,None,Good,Stable
2023-01-29,45.05009801091934,34.02289817868821,34.45361743890805,18.199487742087133,None,Good,Stable
2023-01-30,41.20361067277064,34.14330060758866,38.3613884845534,11.7242751860812,Heatwave,Moderate,Stable
2023-01-31,52.988584637505795,36.88773761473287,30.794559364940156,22.78949145109884,None,Moderate,Warning
2023-02-01,56.35253064848071,30.218807642199675,24.98330071495279,14.827342832686881,None,Moderate,Stable
2023-02-02,46.35709904107589,24.866531209628583,46.37120075605681,32.125292040242954,Tropical Storm,Moderate,Critical
2023-02-03,70.25091083491952,29.14120976320019,36.67587742050348,2.963284462585513,None,Moderate,Stable
2023-02-04,59.016851221416786,32.97349264990406,33.89213205704521,21.737809792331785,None,Moderate,Stable
2023-02-05,46.18729293968333,30.42364969250069,41.95497402602186,20.298880921209108,Heatwave,Good,Stable
2023-02-06,34.07517027721795,31.833638760929066,35.70739670741902,18.03395371097525,Heatwave,Moderate,Stable
2023-02-07,63.19421787814872,36.826430679456834,41.66015905815617,16.295350096338915,None,Moderate,Warning
2023-02-08,61.91931236215073,32.91001677214308,41.23180607938612,20.480397399529288,None,Good,Critical
2023-02-09,46.97247130038234,30.992207642654275,28.627395630574348,27.435339153390338,Heatwave,Good,Critical
2023-02-10,53.50575457612545,20.77819168889657,37.29997308206528,8.294701436467076,Sandstorm,Good,Stable
2023-02-11,48.49530102517491,26.080747076726414,43.626428284846725,14.358091722328716,None,Moderate,Stable
2023-02-12,55.20598881108968,27.976624409029057,30.006746548260963,12.647780059745017,None,Good,Stable
2023-02-13,39.75050468868318,20.114434102727724,30.068127039738286,12.318954111941146,None,Poor,Stable
2023-02-14,38.32480879923154,24.453657067664164,30.91399465248993,22.399243038047985,Heatwave,Good,Stable
2023-02-15,58.10863732760524,28.65773719401618,39.452092927451034,24.125360993136944,Heatwave,Moderate,Warning
2023-02-16,59.37614843509598,29.471409876494512,36.421928564317966,27.455720081124262,Tropical Storm,Good,Critical
2023-02-17,45.09207974378394,32.5290513282183,25.32113834580187,24.23568482840709,Heatwave,Moderate,Stable
2023-02-18,42.50878924038976,28.973537029743035,36.704730617584666,24.802993469692364,None,Moderate,Stable
2023-02-19,61.47566452144699,31.240203214479024,33.74042533564421,10.117342454810741,None,Moderate,Stable
2023-02-20,42.84737480684821,27.911052754604672,34.43862065674916,30.38494269138171,Sandstorm,Moderate,Stable
2023-02-21,50.554112559857664,30.210066147767375,30.814899517794423,18.53169728471843,Sandstorm,Moderate,Stable
2023-02-22,49.28585021627347,32.25486405375854,36.74129110757067,27.230972553674725,None,Good,Critical
2023-02-23,35.330940546480804,37.36315125331529,40.25229140153479,10.36683088507446,None,Good,Stable
2023-02-24,51.921142670786686,27.426785959493934,31.7901681633376,18.310061151372427,Heatwave,Moderate,Stable
2023-02-25,50.9440695340416,30.720909957544645,26.58771984531541,26.601111359974162,None,Good,Stable
2023-02-26,53.60191278101606,34.34563768609097,33.484428392416426,20.195471098756332,None,Good,Stable
2023-02-27,51.58230869653286,22.802031960848915,38.78143364301115,14.722210802967139,None,Good,Critical
2023-02-28,71.35687409413373,39.98913062513566,32.894848270687525,29.168693346344867,None,Good,Stable
2023-03-01,61.6167823132323,35.89515376295974,27.512255194199195,11.800099255342078,None,Good,Critical
2023-03-02,50.38809000454802,21.4425575731753,38.8162142445969,19.85701280427092,Heatwave,Moderate,Stable
2023-03-03,51.30239083849539,31.8569092080172,42.07674073499156,24.481194976178518,None,Good,Warning
2023-03-04,67.6361920775079,27.17773283067942,35.10007775055462,34.66983230972256,None,Good,Stable
2023-03-05,58.63087786005247,28.013259840409443,26.97104570009201,16.791510850780057,None,Good,Stable
2023-03-06,37.70997139505553,31.752507484110524,33.41084728990228,18.064841224381144,Sandstorm,Moderate,Warning
2023-03-07,59.48948222807097,35.251997679372195,35.757694404126354,16.887162066546676,Tropical Storm,Poor,Warning
2023-03-08,62.428010820599425,27.67063528913357,30.95143346374137,21.669291112401833,Heatwave,Moderate,Warning
2023-03-09,66.17717075775785,27.737758971081966,37.91686115635707,24.115497875985053,Heatwave,Good,Stable
2023-03-10,45.98508318392511,31.860833811830542,30.462694425501002,27.653193650678233,None,Poor,Critical
2023-03-11,45.255495045310326,32.859781609862495,35.12813836201013,25.29233443186567,None,Moderate,Critical
2023-03-12,40.58184978552669,24.964343140979597,33.858389578308184,16.51838095244798,None,Moderate,Stable
2023-03-13,53.08127464336134,38.61836450845978,38.07927399075043,25.693597158405968,None,Moderate,Critical
2023-03-14,57.328675824556996,26.78342836420089,34.92865411202721,20.640819508313097,Heatwave,Good,Stable
2023-03-15,44.866708133224954,34.8233711984321,34.0175414996037,25.21676560172743,None,Good,Stable
2023-03-16,48.58184702330839,32.25852324945338,30.985673798830355,25.61657203027117,Tropical Storm,Good,Stable
2023-03-17,29.462822043809357,33.03161961004144,35.173845072966344,31.410880222068787,None,Good,Critical
2023-03-18,65.0944905040265,26.88024291879366,33.69896249320529,17.51786557247913,None,Moderate,Stable
2023-03-19,34.35023628499903,21.380748905949808,30.647348718859963,16.181131780841792,None,Moderate,Stable
2023-03-20,53.74779752192804,29.89299251045401,35.79745512209217,23.130143891600042,None,Moderate,Stable
2023-03-21,52.38254833372348,29.91359931969352,36.81985670028049,28.277618423692193,None,Good,Stable
2023-03-22,50.458079685315965,25.20989046157356,33.30796388971592,20.406446810171047,None,Good,Stable
2023-03-23,50.6879687833969,34.589715957810554,39.657846155318786,28.73398604301873,None,Good,Stable
2023-03-24,39.88218824277166,29.742352809067796,36.31987154718079,24.830408378660664,None,Good,Warning
2023-03-25,46.71934795805505,25.95463669028774,28.580730565706805,18.591491654755366,None,Good,Critical
2023-03-26,59.689506522521704,32.92535672192041,41.68696997456841,23.94334852141234,None,Moderate,Warning
2023-03-27,62.65155500436636,33.05810000556355,38.83493965690018,16.956212461125844,None,Good,Warning
2023-03-28,45.790990614250596,26.418260304320498,40.00915605630765,21.670200512862706,None,Poor,Stable
2023-03-29,34.395804695230865,36.16695966204691,37.00251478431385,12.48788598618135,None,Good,Stable
2023-03-30,42.213261487029534,41.21621981615177,23.311364297364896,19.522903586958936,None,Moderate,Stable
2023-03-31,68.52697094852883,24.549847522631772,40.46309295628413,26.997824077617494,None,Good,Stable
2023-04-01,42.80855510012774,29.081530168117034,35.30393841659992,25.370028310050195,None,Good,Critical
2023-04-02,49.0279632974022,31.685049004494953,36.766095909153975,24.345892236233368,None,Moderate,Stable
2023-04-03,64.15912362019824,41.401301151494636,37.701920238868325,22.012357725103747,None,Moderate,Critical
2023-04-04,44.73103994662891,26.331113585963106,44.68138556322282,21.11892234798956,None,Good,Stable
2023-04-05,48.34464610352324,25.30207755702626,32.26888157766947,11.130600285544531,Heatwave,Good,Warning
2023-04-06,57.9449829075631,25.26790426357624,32.397985048802745,18.557402388729777,None,Good,Stable
2023-04-07,67.11806867529505,36.10711796695976,30.744827391452162,21.278310485657773,None,Moderate,Stable
2023-04-08,43.544481353050216,26.460843608830324,29.650287243024415,12.129175529818093,Heatwave,Poor,Warning
2023-04-09,63.92095244121183,25.749328986411907,29.742343832076525,7.73770858247082,None,Good,Stable
2023-04-10,47.18471290135679,31.154836643475768,25.74117626864791,27.90182922860413,Sandstorm,Good,Warning
2023-04-11,41.140712945350614,31.541106557919903,37.13327905296238,20.355869686268875,None,Poor,Stable
2023-04-12,52.49556430307557,35.35510236056418,44.93903282381043,21.469854965304478,None,Good,Stable
2023-04-13,38.42431942231403,30.459630185036133,45.2578716091011,23.88938775956411,Sandstorm,Moderate,Critical
2023-04-14,54.720114314628816,31.244660529801337,30.738159379789998,13.124831346605482,None,Good,Stable
2023-04-15,81.49648011134542,29.473646922103498,33.63922811180381,17.175529441561604,None,Good,Warning
2023-04-16,61.05600815253693,23.478465382367933,41.16671090225398,30.528473231641385,None,Good,Stable
2023-04-17,48.951003622098774,29.001976638181603,37.16173482103892,16.579412223717867,None,Good,Stable
2023-04-18,60.522019076744336,30.314167864596705,35.67257835797308,18.139012931871992,None,Good,Stable
2023-04-19,40.68478271382735,27.78088260154334,33.71632710578716,15.313582844984735,None,Moderate,Stable
2023-04-20,42.363253639978296,22.17773006688016,40.89150722471605,14.814020414635376,Sandstorm,Moderate,Stable
2023-04-21,49.22835224788736,24.3250476611944,29.63474520646767,27.7383694663948,Sandstorm,Moderate,Stable
2023-04-22,50.87781199849837,29.803093510524256,37.40437532722983,2.663229107789846,None,Moderate,Stable
2023-04-23,37.06697180790233,34.663765479526305,36.72466921261306,16.800903261034616,Tropical Storm,Good,Stable
2023-04-24,46.935225078895684,38.41142048061608,35.21685978341675,21.577870998409946,None,Good,Stable
2023-04-25,48.55411283013945,29.080847098399392,38.93864828716793,31.877537691182017,None,Moderate,Stable
2023-04-26,65.41972347838633,26.41562864643763,35.16868647466401,12.053422508780903,Heatwave,Good,Stable
2023-04-27,37.06654483665169,28.137452507330977,32.327362050312765,10.86030057074631,Sandstorm,Good,Stable
2023-04-28,36.13951459414427,24.76792381903144,35.46255654491071,13.979297750703545,Sandstorm,Good,Stable
2023-04-29,51.75708942604567,33.93872770655716,27.039481651810867,24.91193777752686,None,Good,Stable
2023-04-30,61.50876602727392,40.68805814689612,38.063573655982836,20.87699824295083,None,Good,Stable
2023-05-01,55.51593014040515,26.537325578224987,39.34114626749787,9.901550302907735,Heatwave,Moderate,Critical
2023-05-02,53.026768934229736,24.03979227919034,31.716927342769218,20.69690318319977,None,Poor,Warning
2023-05-03,47.11391969998469,35.03241664995142,30.527443891908632,30.86006436122502,None,Moderate,Stable
2023-05-04,56.76104929294832,31.5902577408948,31.901241716644595,21.85136280751195,None,Poor,Stable
2023-05-05,58.26889219816709,31.67464512947744,34.68488511310055,21.151905234400527,Heatwave,Poor,Warning
2023-05-06,47.42689133815323,37.94086964085477,36.07942979017798,21.57319483707522,None,Good,Stable
2023-05-07,40.5137548981357,23.167568396823167,43.0774597194504,22.901519043940063,None,Good,Warning
2023-05-08,40.57877904647191,23.02791717370547,42.445455080555774,11.130289070187132,None,Moderate,Critical
2023-05-09,58.78734278047665,29.191428419096976,39.157713325362664,18.37653198520464,None,Good,Stable
2023-05-10,34.557266789024446,30.317017554302463,35.606303311745926,18.741707068465146,Sandstorm,Good,Stable
2023-05-11,66.77059175297113,28.22525866629671,30.36537956950196,16.615716860157498,None,Good,Warning
2023-05-12,45.43874306505397,42.303764643541896,43.39818616710631,24.802851261417093,None,Good,Critical
2023-05-13,53.09531930304238,28.44878970907037,33.76178934658846,15.5620457572044,None,Good,Stable
2023-05-14,57.017100579770926,27.246373588638928,36.40687066967626,17.48022105003113,None,Good,Stable
2023-05-15,43.163142849709146,30.62171792440565,38.13676194272183,11.17879123542065,None,Good,Stable
2023-05-16,45.40102157344755,34.854434560066764,35.307979276863385,22.648173917486012,None,Moderate,Stable
2023-05-17,51.31970001945575,26.372861284083022,40.75548672724411,26.593320732327147,None,Good,Warning
2023-05-18,41.46279180784393,29.265066749175094,37.27695972051259,17.472856376783994,None,Moderate,Critical
2023-05-19,39.323582366674245,34.99642320117254,39.94319261069631,25.651732874577323,Sandstorm,Good,Stable
2023-05-20,40.22217755320254,35.274032165473116,37.23672779653169,18.97130257193963,Sandstorm,Good,Warning
2023-05-21,62.09146286090212,31.08814050061425,34.81050168890717,2.3078544095962847,None,Good,Stable
2023-05-22,53.97924846715333,42.0919561012725,35.370928057610826,19.639392657068687,None,Good,Stable
2023-05-23,42.06832941123652,39.903255233478106,34.68879760837999,18.771001535711697,Heatwave,Moderate,Stable
2023-05-24,58.727594562340975,22.96941909470131,28.57857090785275,20.720969198331765,None,Moderate,Stable
2023-05-25,42.62244753167118,21.540193901562127,29.995902695081913,21.772298045984144,None,Moderate,Stable
2023-05-26,30.49587798342593,33.978572239326795,38.70273767911841,15.212549322553675,Heatwave,Poor,Stable
2023-05-27,56.96808991160353,36.8268282232058,28.703143625170185,30.29920484431962,None,Good,Warning
2023-05-28,66.46230951809906,28.87620507570797,32.97888354812407,19.536869123360923,None,Good,Warning
2023-05-29,55.58039671519016,27.489021041380855,29.749482152666662,18.60235428069509,None,Good,Stable
2023-05-30,31.126630485649155,25.898547030471534,32.71140525980591,25.21170725810982,None,Good,Stable
2023-05-31,49.76444599779246,24.159940380781475,34.2236534794812,20.12977961702324,Heatwave,Good,Stable
2023-06-01,47.254220002470376,35.68171397955925,32.96883120816762,37.96089161471079,None,Good,Critical
2023-06-02,53.78212162643893,28.09352519597712,27.858177863749635,18.53064546224427,None,Good,Stable
2023-06-03,41.52730723131206,31.509003785054897,34.07234748826768,22.462708156397273,Heatwave,Good,Stable
2023-06-04,46.66522749906461,20.870971290535053,30.205519192760516,14.755931415930572,Heatwave,Good,Stable
2023-06-05,35.799170169772886,35.011355178378054,31.817213951369492,26.093748801267765,None,Moderate,Stable
2023-06-06,52.21770782441386,32.938891139448245,38.70260076649998,22.16102875935688,None,Moderate,Stable
2023-06-07,36.17104080727462,23.276553998750234,39.776964982286785,17.627223644236647,None,Moderate,Warning
2023-06-08,54.37424485722934,31.295144107418572,28.445145821385548,13.892933309788257,Sandstorm,Moderate,Warning
2023-06-09,42.494528109969515,30.02371679763794,42.84332948539073,10.834043902790732,None,Good,Stable
2023-06-10,18.58585458703454,27.749225400786358,32.449567116405106,22.931001912130558,None,Good,Stable
2023-06-11,57.93758143099133,15.485363390492273,31.99494939684054,10.29184370631081,None,Good,Stable
2023-06-12,54.940400192124,26.69835369124313,30.541726063296096,29.15931918440114,None,Moderate,Critical
2023-06-13,63.52942047770699,31.512155728880607,35.279560374932686,11.160083251621444,None,Moderate,Stable
2023-06-14,29.09881492830095,27.257175247214374,44.90775125024468,18.75137556274209,None,Good,Stable
2023-06-15,43.45450460163617,28.891524816205205,27.301702905235558,13.829211095483169,None,Good,Stable
2023-06-16,51.31592960561866,37.483783929952374,24.715568682892126,20.228803641070037,None,Poor,Stable
2023-06-17,55.717058930363166,29.61245994426857,36.34255262873545,20.18555025562713,None,Good,Stable
2023-06-18,35.37116062260568,19.516002595860137,37.84669586462649,23.113620986137025,None,Moderate,Stable
2023-06-19,54.314599577272155,29.075748196747348,35.263361049076096,9.316047043155068,Sandstorm,Good,Stable
2023-06-20,44.282230913906126,30.496970447807147,37.97899737708166,14.6540813857473,Heatwave,Good,Stable
2023-06-21,31.449213365132604,25.87322671519047,29.343695033049805,26.793832158065385,None,Moderate,Stable
2023-06-22,42.493190129483445,33.67374297870504,30.275651138521226,24.609861214028076,None,Moderate,Stable
2023-06-23,55.143771366138566,22.688855137394764,35.619789662529485,2.503622302065537,None,Moderate,Stable
2023-06-24,31.867019276336993,29.31129450471211,43.79034680364413,22.640607106163923,None,Good,Stable
2023-06-25,56.37051839608759,22.631205493283012,37.803403300450256,12.772745168223281,None,Good,Stable
2023-06-26,52.83378002401762,28.521561412712323,38.036019948721226,15.857239863062997,None,Moderate,Critical
2023-06-27,47.461409228549286,33.5406493024764,29.631617522163747,18.40870688879965,Sandstorm,Good,Stable
2023-06-28,33.64802490015751,29.191600363927524,37.11202541415961,30.901731103547665,None,Good,Stable
2023-06-29,34.450511765658504,28.899732463141525,29.089253755991013,12.701118135716996,None,Moderate,Stable
2023-06-30,46.015183548676454,30.138850392676577,43.83878678980105,10.17274654019892,None,Good,Stable
2023-07-01,38.75059978115016,30.388837344862647,29.94036345318313,23.152231787465066,Sandstorm,Good,Stable
2023-07-02,46.66241394509363,33.46875960353385,31.01759690750819,19.803876643662,None,Moderate,Warning
2023-07-03,59.061821573482995,33.49907861552508,27.63462178467693,28.449022671267837,Sandstorm,Poor,Stable
2023-07-04,47.26978782584072,37.108479416424245,35.42908159778197,17.530162659040496,None,Good,Stable
2023-07-05,46.995550622688356,30.83808492764689,35.21895823931554,28.475720814343987,Sandstorm,Good,Warning
2023-07-06,47.00347224335187,21.696377524449915,42.566205405883565,20.11388018402795,Heatwave,Moderate,Critical
2023-07-07,60.134019309650405,34.28974299812172,38.88207459319216,23.703805759946043,Heatwave,Moderate,Critical
2023-07-08,62.93369887485671,36.74912229602296,31.04616643372475,31.36760440911388,None,Moderate,Warning
2023-07-09,54.2193371217351,42.308475085924115,39.366977682086414,18.82926466682579,None,Good,Critical
2023-07-10,51.36591517398393,37.25852940388412,28.78242163837954,27.31266364972785,None,Good,Stable
2023-07-11,52.29562614855962,27.548507948697093,31.408234805846785,15.704809997833944,Heatwave,Moderate,Stable
2023-07-12,64.27951902253086,30.93592013744292,35.5922977436961,21.59277267727369,None,Moderate,Stable
2023-07-13,54.762527600872204,28.646866267298712,29.340568107337006,9.887385798216958,None,Moderate,Warning
2023-07-14,65.22438909756545,27.967365374484196,40.32329425204071,16.469760217145385,None,Good,Critical
2023-07-15,45.80915148012924,29.43257304581685,46.39656417424011,12.593753187992988,None,Good,Stable
2023-07-16,36.644309802985546,36.42871551066532,33.52738954593681,28.545268222783164,None,Good,Stable
2023-07-17,43.30940516034282,22.054143577443348,31.741565406543984,32.17158852665608,None,Poor,Warning
2023-07-18,44.37203069247968,24.98727183805239,34.35205194662977,17.517086389676415,None,Moderate,Critical
2023-07-19,66.04527927736294,36.09746511283315,32.21313835743997,14.588732723192365,None,Good,Stable
2023-07-20,57.364137445360136,37.268340870369755,36.30865219096942,10.80238852303021,Heatwave,Good,Critical
2023-07-21,43.625434756823864,26.702521458411915,28.387977596485868,21.851789632714468,Sandstorm,Good,Stable
2023-07-22,58.084111769326974,38.25374172152608,36.59253199300687,15.783995517321125,Heatwave,Good,Stable
2023-07-23,48.70418888908018,34.87941041653876,44.55961619284913,16.158985610562127,None,Moderate,Stable
2023-07-24,66.34551692076965,28.66119431977204,24.989287233797246,31.407120322023545,Sandstorm,Moderate,Stable
2023-07-25,46.662987553109545,17.82367214004367,29.156762850298442,17.925209439176726,None,Good,Stable
2023-07-26,34.611107429214115,21.659924281661468,32.77471328056374,24.10654699237069,None,Good,Warning
2023-07-27,48.13248933499317,26.709116561951785,37.70946410237953,20.370727629402285,None,Moderate,Warning
2023-07-28,46.668456679227035,33.79968490979914,39.45191047882524,10.513562148616963,None,Good,Warning
2023-07-29,36.56773352051681,33.81550012273957,39.04967246250418,7.085837390133262,None,Good,Stable
2023-07-30,55.85911757278307,27.667754040465653,26.541490887025027,23.41265441086975,Tropical Storm,Poor,Stable
2023-07-31,64.24718830317047,28.84362867318712,31.628270867018504,31.928773646067626,None,Moderate,Stable
2023-08-01,38.77515676277134,29.837593250290574,30.49841545940958,22.204912747943506,None,Moderate,Stable
2023-08-02,59.72710392922174,28.906309935245904,34.67400557825088,24.368631282288952,None,Good,Stable
2023-08-03,43.93369172677862,30.818168818343967,35.09140042879411,13.667055860901637,None,Good,Stable
2023-08-04,49.75281443376727,29.84979421625919,28.15386443264711,27.104260394441063,None,Good,Stable
2023-08-05,48.70227775601541,21.628864254540154,32.802228224571195,27.01753118417427,None,Good,Warning
2023-08-06,49.75289134931076,28.962192168903652,37.90259272797852,15.126610693870749,Sandstorm,Moderate,Stable
2023-08-07,54.73082671995057,29.887010834775488,31.858345827052247,23.817861416831896,None,Good,Critical
2023-08-08,39.758173595522656,34.94899672963756,33.998833323049865,7.635075045289229,None,Moderate,Stable
2023-08-09,62.93300109106228,25.843469341798578,43.4844490979032,25.067383767312908,Sandstorm,Good,Critical
2023-08-10,55.03542756716763,31.01952675672452,44.95014756759588,15.99307689953968,Heatwave,Good,Stable
2023-08-11,58.35582776339727,32.81419998160802,24.193194536873207,11.410096041629856,Heatwave,Poor,Stable
2023-08-12,42.19934047074885,29.258264105960894,35.5694878599924,22.818479698944024,None,Good,Stable
2023-08-13,38.85226138962753,21.226010573143775,49.58516385604328,7.5978902441904825,None,Good,Warning
2023-08-14,61.82713431874403,35.050345102968066,37.39423433916288,22.396895065378263,None,Good,Stable
2023-08-15,38.42250754136201,33.73570616013301,35.09245029473578,12.074046093185727,Sandstorm,Good,Stable
2023-08-16,51.493052412254414,31.14386690012341,41.563440892248245,10.576067137376985,Heatwave,Good,Warning
2023-08-17,60.189958316879405,30.20165200444572,36.09046403230833,20.41897072965779,None,Good,Stable
2023-08-18,48.73198030895141,21.092875502241846,38.54568572755668,18.792141197395924,None,Moderate,Stable
2023-08-19,61.70077063029631,33.873283179450375,33.948477525039785,30.197526157633547,Sandstorm,Moderate,Stable
2023-08-20,47.284416962061655,37.43198021664188,36.017551802074586,11.006391249141664,None,Good,Stable
2023-08-21,37.225820012189686,24.431272397890627,37.133153450211,29.625381438152964,None,Good,Stable
2023-08-22,53.741725411088176,36.7250932813579,39.32779382836993,12.036487770115059,None,Moderate,Stable
2023-08-23,51.98296033714453,35.65728898172678,32.8413965895529,26.436096914975284,None,Good,Stable
2023-08-24,76.8797624380741,24.284023383249806,32.70550456104561,27.742647659973617,Tropical Storm,Moderate,Stable
2023-08-25,40.5489113388698,28.029282003235522,25.36258786232953,22.25021150123648,None,Moderate,Warning
2023-08-26,47.48152894670649,23.02281178445165,33.06424472075088,14.4633228362311,None,Good,Stable
2023-08-27,42.69134379816279,29.67430832135556,39.76517682548879,9.339318696304863,None,Moderate,Stable
2023-08-28,48.57515418428204,32.24158781215078,37.31612228000067,6.337564614833738,None,Poor,Stable
2023-08-29,48.171975675936324,23.397659344898642,30.01624048797117,32.966036678496195,None,Moderate,Stable
2023-08-30,41.277001779394915,31.929013875623493,25.480687624378998,17.92201574387621,None,Good,Stable
2023-08-31,54.68237609696888,33.19562881739247,34.287896324562176,12.267327165907393,None,Good,Stable
2023-09-01,47.85856127910536,33.26739328109367,39.618889263219884,11.997875757719438,None,Poor,Stable
2023-09-02,63.4548296788392,32.272512860428144,32.60550834095092,21.175036755247323,Sandstorm,Good,Critical
2023-09-03,43.514428767113486,23.857546618095462,27.775387479271007,17.23603527477136,None,Moderate,Stable
2023-09-04,68.61373071318222,29.392629907249777,32.05246413847693,6.564951948001223,None,Good,Stable
2023-09-05,52.75874006375149,31.76176055157027,36.63079431957882,26.051784686244147,Tropical Storm,Good,Stable
2023-09-06,62.71333439585099,37.30512811169549,41.21218643262846,22.344884888485474,None,Moderate,Stable
2023-09-07,51.15453465622868,30.012329147437597,33.71652485937806,32.87937699418218,Sandstorm,Moderate,Warning
2023-09-08,42.19345600144026,32.12770647137891,40.27446206275874,27.985540132881773,None,Moderate,Stable
2023-09-09,47.364790798408684,25.339865931773993,39.72021074074542,-1.6870300816454602,Sandstorm,Poor,Stable
2023-09-10,36.132317891623146,24.225529819170642,29.116674213072564,29.91881781686294,Sandstorm,Good,Stable
2023-09-11,48.884663838064924,23.58464005134806,41.253540591345754,28.45243874492176,None,Good,Stable
2023-09-12,51.7209287613183,27.898658629445723,36.475563835385714,14.845390733508,Heatwave,Poor,Stable
2023-09-13,50.45722795685445,40.3102557650343,28.966584731278907,16.971969700138445,Heatwave,Good,Stable
2023-09-14,63.30157225136864,27.989618702800747,43.80415669968866,22.882075750688692,None,Moderate,Stable
2023-09-15,48.50866168937092,31.823131769710255,34.37212206034958,12.900494938422202,None,Good,Stable
2023-09-16,31.060064071577834,32.785489792854975,25.282784238445416,18.300897922510188,None,Good,Stable
2023-09-17,85.44065010959781,24.542354454819204,31.468668260479454,27.000262120781393,Sandstorm,Good,Stable
2023-09-18,43.093914585166765,27.824465746939307,30.23772879142387,23.624095360830562,None,Good,Stable
2023-09-19,59.68745108791245,33.12207569466262,31.59130032942566,15.332506652267824,None,Moderate,Stable
2023-09-20,34.95753328955179,32.14163707084712,32.774072939208764,27.159323896488573,None,Moderate,Critical
2023-09-21,52.452121734683544,20.030026866603794,33.71305366857535,22.120266837800518,None,Moderate,Stable
2023-09-22,42.054541919286336,32.97205176978626,33.52498645741432,21.880938170628113,None,Good,Critical
2023-09-23,21.773650417554734,27.24504804578108,34.51257387011471,16.395473459131573,None,Good,Stable
2023-09-24,47.17190004957454,27.375914018535674,37.93696693208777,19.954230194317965,Sandstorm,Good,Warning
2023-09-25,49.49934641769502,32.02432846481805,31.26781820386359,14.581359628661591,None,Good,Stable
2023-09-26,47.81114076343833,37.61467962241897,40.90500265501973,6.416138907074451,None,Good,Stable
2023-09-27,52.43113348283716,28.997826866528193,28.87408250714163,18.04145484010711,None,Good,Warning
2023-09-28,47.30491913274149,35.89525107769633,38.075594279127124,19.14493427733641,None,Good,Warning
2023-09-29,50.691498161365466,22.795386160590766,43.21635663842967,20.961021456413658,None,Good,Stable
2023-09-30,51.70112001654296,30.653716729560653,34.11321725680045,28.485082188579465,None,Good,Stable
2023-10-01,49.648219112295656,27.2947229703596,35.9673268549412,15.43400608691303,None,Good,Stable
2023-10-02,48.29224167797922,31.410034933780306,30.16013804812264,17.42573597539696,None,Good,Critical
2023-10-03,41.06346489704393,28.51846298607449,32.44109137937487,25.36324318334853,None,Good,Stable
2023-10-04,55.944456040041146,23.294692905180977,42.83839268607327,14.732345197927081,None,Poor,Stable
2023-10-05,47.1700265270014,25.56295318599429,38.74241147191821,21.076246701659347,Tropical Storm,Good,Warning
2023-10-06,46.36174274452101,21.78399460071707,37.092721600469865,17.142025905049508,None,Moderate,Warning
2023-10-07,55.12294310504259,23.465493855256412,25.31012726391726,18.294629321020015,Heatwave,Good,Stable
2023-10-08,52.11958027001563,32.40162187437524,31.417635494667078,25.307014224474738,Heatwave,Moderate,Stable
2023-10-09,43.01779678778421,28.744814350713888,43.694959051634264,17.38582860813692,None,Good,Critical
2023-10-10,62.50658642938271,31.154322050640438,37.05415981562075,25.535208050678843,Sandstorm,Moderate,Stable
2023-10-11,38.1077601508762,39.07788740797536,37.67797698422024,6.332968242563894,None,Good,Warning
2023-10-12,39.68525456089256,28.520141033938696,35.85277576973053,9.992697282563771,None,Moderate,Stable
2023-10-13,56.683539678434585,33.17141966591119,31.93505255533227,3.772599364758058,None,Good,Stable
2023-10-14,67.51135597414444,30.140677561006274,36.66270795228222,11.839605679831232,Heatwave,Good,Stable
2023-10-15,44.22597807770561,43.81342266365751,27.348929270887453,32.99790563994421,None,Moderate,Stable
2023-10-16,54.128213727331456,14.911765536263065,26.972726504804612,19.87724863921583,Sandstorm,Good,Warning
2023-10-17,38.07636441731644,26.411688620139394,31.323626403112222,14.950880746797802,None,Poor,Stable
2023-10-18,40.71014683910695,33.270119871157405,35.96082118016633,25.479647774946965,Heatwave,Good,Stable
2023-10-19,61.32198191720681,26.2354730228603,27.151634374857633,26.468077400800205,None,Good,Stable
2023-10-20,53.65763030757136,32.830357786549904,35.6352134600745,11.454065301562318,None,Moderate,Stable
2023-10-21,61.632297551407774,29.699604035516554,30.027203768342645,37.48740082581879,None,Good,Stable
2023-10-22,60.86308754436352,34.32474419005818,30.700872646060525,21.93431590100739,None,Good,Stable
2023-10-23,29.104503068826265,24.339385847861706,41.49794238832603,22.81646391918039,None,Moderate,Stable
2023-10-24,38.04045659944412,30.864211553081773,35.18647039910331,23.480632059505034,Heatwave,Moderate,Warning
2023-10-25,52.74475801577809,32.33009115006692,30.48097310782226,23.46596509032181,None,Poor,Warning
2023-10-26,33.02910019059439,30.658945791056684,35.93416736380476,15.649686166998656,Heatwave,Good,Stable
2023-10-27,39.45694957395921,30.747062424604444,27.651908479968547,34.787635036739616,None,Good,Stable
2023-10-28,64.2696740441041,36.012154528897796,36.91165163899944,18.003680872794384,Heatwave,Good,Stable
2023-10-29,44.58434123389115,21.600471267475523,40.53659093257967,26.702624443503282,None,Good,Stable
2023-10-30,57.10298578621035,30.624835953958424,38.30864367510799,16.675457644451264,None,Moderate,Warning
2023-10-31,49.71831729847661,23.954259335603602,45.78857152218984,15.4341344782768,Heatwave,Good,Stable
2023-11-01,43.20063745705383,33.788054684631554,25.308044693688924,33.31305229275693,None,Good,Stable
2023-11-02,33.35790727299467,25.81033208815142,35.63484540039894,19.241402743668118,None,Good,Stable
2023-11-03,52.33302106564377,17.63777170952826,28.282496350877402,19.761249593073188,None,Moderate,Stable
2023-11-04,64.54605539068864,33.90733707123725,34.13389284324117,21.98532043853507,None,Poor,Stable
2023-11-05,43.48472520234245,28.658143530205155,35.00771984206126,38.21239329924562,None,Moderate,Stable
2023-11-06,50.685983542288604,31.78314808050801,46.39922741487257,35.18132817544999,Sandstorm,Good,Stable
2023-11-07,34.802111966480076,37.13504451349531,34.70111444803833,28.986478258280414,None,Moderate,Critical
2023-11-08,43.27824808749953,31.857005429661175,34.60784889857675,39.97535807918315,None,Moderate,Warning
2023-11-09,53.40881659461561,30.847140419544743,40.02579553345045,13.38796296055364,None,Good,Warning
2023-11-10,57.43715820399812,29.763648103852848,34.73589130236211,24.591187934839727,None,Good,Critical
2023-11-11,55.55948749958187,24.263467581254943,44.15573537627316,20.53076051686307,None,Good,Stable
2023-11-12,29.684486892527634,28.92376070952304,38.348422446582525,7.616385875749003,Heatwave,Good,Warning
2023-11-13,45.43065160865257,39.86949289221292,39.142515399100084,23.241678514646427,Sandstorm,Moderate,Stable
2023-11-14,40.327188897053766,28.12390384933051,25.662180317806218,16.564214640601655,None,Good,Stable
2023-11-15,46.90971724182956,29.219931702883724,44.92606409418276,30.734505886862166,Heatwave,Good,Warning
2023-11-16,48.888085645126544,36.28542446052673,31.71770539848969,17.23484694893142,None,Poor,Stable
2023-11-17,60.66351891195237,22.29355669549021,34.95134916245828,16.8367562154401,Sandstorm,Moderate,Critical
2023-11-18,52.95237036693526,33.10062025478468,31.736480474323265,30.731481780959133,None,Moderate,Stable
2023-11-19,64.17831972887085,22.05560040097475,29.878743446860632,19.5418221510448,None,Good,Warning
2023-11-20,43.004896855728205,31.9959435844073,28.9891581641283,28.14014385623009,None,Good,Stable
2023-11-21,35.82923442078177,29.887952758008993,35.516208293495424,22.970516079463092,None,Good,Stable
2023-11-22,64.55242640820464,33.06200080399007,25.150516032797007,23.06440022912431,None,Good,Stable
2023-11-23,54.33455237900631,24.937628149228047,33.78598856344025,18.291668389837156,None,Good,Warning
2023-11-24,42.56728232641103,27.32483457654215,40.288843236511184,23.515470319949056,None,Good,Stable
2023-11-25,54.37822878510287,33.32026476652791,38.15971118871092,19.079557316075423,None,Good,Stable
2023-11-26,58.352595671994315,27.450837417490995,37.162176938280304,14.373375866405418,None,Good,Stable
2023-11-27,51.191908130075916,33.777576302642515,30.523077289042206,19.27021979278482,None,Good,Stable
2023-11-28,42.70963571973462,31.04584905344376,27.069524038405444,29.0148155207254,None,Moderate,Stable
2023-11-29,45.587371951443245,27.771241210349196,40.20897059510797,23.752064579139564,None,Moderate,Stable
2023-11-30,52.906214978498014,28.423229109846623,32.75520092029913,25.37908511928736,None,Good,Warning
2023-12-01,51.98887955355687,30.017524158343093,34.58460779518058,20.010271600094775,Heatwave,Good,Stable
2023-12-02,62.122600577854136,28.89908942979299,34.01202715638821,6.4354689067295325,Heatwave,Good,Stable
2023-12-03,47.24089787597969,33.65124876866475,38.36196484940437,11.450000511066468,None,Good,Stable
2023-12-04,40.36239401624483,28.14360335237958,44.216580230629795,17.97696112519293,None,Good,Stable
2023-12-05,75.77054329570032,27.134845368938894,42.31187075711714,12.054563581378986,None,Moderate,Stable
2023-12-06,51.74488199487736,34.55125840766431,23.338807424018384,16.329497061864593,Heatwave,Poor,Warning
2023-12-07,58.34262757889537,27.889354179636044,33.457305143554805,16.076118012000585,None,Moderate,Stable
2023-12-08,55.2184837202588,27.298141898674956,28.266282407407303,16.28713881910704,None,Poor,Stable
2023-12-09,51.86574438560889,17.57168099214465,39.69214428790092,30.060188987128782,None,Moderate,Stable
2023-12-10,47.722562692568324,24.80248315698035,35.01991740812042,19.62915207549329,None,Good,Stable
2023-12-11,21.9618429664208,25.806862606683943,38.03075935767681,26.542691106703742,None,Poor,Stable
2023-12-12,39.36778759202179,27.299347037460127,33.02937764721104,21.14761461190618,None,Good,Stable
2023-12-13,53.291192134172945,26.389303916855685,29.803141970345102,29.91022625362079,None,Moderate,Warning
2023-12-14,22.810267619931047,34.91525074339476,30.658596341000198,27.14685723603338,None,Good,Stable
2023-12-15,50.7161839271028,26.12426177774459,27.334936663711346,15.859388912306029,None,Good,Stable
2023-12-16,56.612305108643234,26.496868148807117,28.681829652492148,33.731406313087255,None,Moderate,Stable
2023-12-17,58.33278617103433,30.77827098549866,27.628534722457346,16.818343150871083,None,Good,Stable
2023-12-18,55.98155247464706,24.491590600356595,29.821486610934443,21.400004660821626,Heatwave,Good,Critical
2023-12-19,59.583919516171136,37.81996077423388,29.538609179844084,22.639187831212293,None,Good,Stable
2023-12-20,66.05611383241877,34.01078395581406,36.970465525141094,23.418553321501484,None,Good,Critical
2023-12-21,60.96117935409184,24.159565239460758,36.77430822327499,25.57325926483364,None,Poor,Stable
2023-12-22,51.9683139890193,35.068335429334184,36.96502103429093,14.702509068766163,None,Moderate,Stable
2023-12-23,48.653801452272475,36.108540697599764,40.8749768112579,24.98634686769357,None,Good,Stable
2023-12-24,51.14637874552691,24.28942631540693,34.60831054311942,24.06801889906071,None,Good,Stable
2023-12-25,47.245018483252814,24.174166921205877,31.09592701458544,20.003304243523594,None,Moderate,Stable
2023-12-26,61.17580732245625,26.94793427050933,46.05701787965101,18.671795472321573,None,Good,Stable
2023-12-27,55.72100208300987,22.92397440127546,39.528229516518984,14.343288481320041,None,Good,Stable
2023-12-28,46.18923545553273,26.098557327886137,35.76159896602279,23.36245813487117,None,Good,Stable
2023-12-29,63.24087783612095,27.999377076406283,35.41437226996165,15.376713360291927,None,Moderate,Stable
2023-12-30,47.081211459653886,32.520761806882405,36.4482676045015,21.665165391397537,None,Good,Stable
2023-12-31,40.542283539267224,30.406127515751248,33.98949359822891,19.29069684027337,None,Good,Warning
2024-01-01,49.89257453349205,29.259892467326527,35.64112270751911,10.660874709755422,None,Good,Stable
2024-01-02,41.75866516328278,27.584133525375435,37.49689830307898,13.465930402889047,None,Good,Warning
2024-01-03,59.36205737537254,23.460221250183118,31.367318930172278,22.833431004414738,None,Good,Stable
2024-01-04,41.54567816195025,32.95858863390993,26.829420740814825,16.329773202214145,None,Good,Stable
2024-01-05,48.84630371789172,32.846870784118565,24.62178616055192,16.09105882058727,Heatwave,Good,Stable
2024-01-06,59.39707491945591,26.915757045041424,39.439494094668575,14.652368184289534,Heatwave,Good,Stable
2024-01-07,42.87798041414656,24.494224294377887,27.085379186412737,14.889919339948598,None,Good,Stable
2024-01-08,54.11143533319643,37.78052218763542,37.32671996978938,31.498665624994434,None,Moderate,Stable
2024-01-09,40.26584641495547,31.23365225543466,29.22822052475933,12.160426040967682,None,Moderate,Stable
2024-01-10,52.44383127197181,31.98484145662521,29.30877026970035,30.310322719656245,None,Good,Stable
2024-01-11,55.67246848857522,32.20073930349879,31.409006197471193,17.68488145441205,Sandstorm,Good,Warning
2024-01-12,49.57849468318532,23.987581507093534,35.97066076002822,15.423718551954865,Sandstorm,Good,Stable
2024-01-13,50.33526287478319,37.49638292008433,28.55704145811204,22.686764946818887,Heatwave,Moderate,Stable
2024-01-14,54.4398582156053,27.982510335278846,31.915337648529405,20.37128548989313,None,Moderate,Stable
2024-01-15,47.194914153755306,34.11021001964471,34.871404639097214,18.61750034391935,None,Good,Warning
2024-01-16,58.895536310796274,37.292163517133886,28.948691045765305,21.539185413454298,Heatwave,Moderate,Stable
2024-01-17,63.711410473420905,30.406880160091,42.14117107237345,20.260387378553872,None,Moderate,Stable
2024-01-18,40.74215340736379,24.092607956324418,26.387311287030993,18.490815740621116,Heatwave,Poor,Critical
2024-01-19,67.67059574457701,17.53264743257132,33.909154087745854,26.54972065475518,None,Good,Warning
2024-01-20,46.96512240501564,29.80792095349031,41.36270316292751,9.871162991421878,None,Good,Stable
2024-01-21,69.9434494971985,31.25072223866277,28.37766718054694,13.597346237849107,None,Good,Stable
2024-01-22,47.10082914136137,27.096124331571904,34.45187074756142,14.482493828886595,None,Moderate,Warning
2024-01-23,57.073785751419706,30.678427267284587,35.66429341333624,12.594443365937636,None,Moderate,Warning
2024-01-24,57.02010611529408,32.15172419085529,30.966147739987406,20.601486265326844,None,Good,Stable
2024-01-25,46.12688461776647,34.969638953973174,34.61258612834057,23.537936913521442,None,Good,Stable
2024-01-26,50.72627388179403,28.857173044368952,37.807222304299756,6.26228653835355,None,Good,Stable
2024-01-27,64.39900556356811,29.773291632699685,32.664296508410544,16.681628488749354,None,Good,Stable
2024-01-28,46.77817550237994,29.10699835283223,38.82164807065193,17.748354936156186,None,Good,Stable
2024-01-29,45.82453933745413,30.167973166634248,36.96365470190995,17.999008306897988,Heatwave,Good,Stable
2024-01-30,38.46532798813885,27.43407809538068,32.085498994232836,11.004384210934317,None,Good,Critical
2024-01-31,65.67552220104932,27.41017307752758,40.63727183561275,17.806753890206593,None,Moderate,Warning
2024-02-01,45.19223438495396,27.72488580363849,31.295314431584387,13.622139756909265,Tropical Storm,Good,Stable
2024-02-02,61.999802179479445,30.781331208097484,39.27946652702607,17.65936025309076,Heatwave,Good,Stable
2024-02-03,43.986451829290246,25.763429860744317,31.38492150856966,7.962607369341253,None,Good,Stable
2024-02-04,61.68584615195414,27.74503033436795,33.41963320579132,17.707084036417143,Sandstorm,Moderate,Stable
2024-02-05,58.0664311672275,39.04294983560704,34.18677855111428,14.966764828262548,None,Good,Stable
2024-02-06,47.71568078933642,34.48199670252191,36.692915454431805,18.16263266577178,None,Poor,Stable
2024-02-07,42.6572402871058,25.214594613666918,22.93275914858262,22.10554897220132,None,Good,Stable
2024-02-08,43.469694245419454,34.32336465296784,37.29007775744928,19.686854577093456,None,Poor,Stable
2024-02-09,43.3420012989823,33.13696037041842,34.48760388428796,25.553766412428903,Heatwave,Moderate,Warning
2024-02-10,60.6518318012364,29.480402442605808,36.428700806382956,17.474635107625605,Sandstorm,Good,Stable
2024-02-11,51.60230364613406,26.460135264967988,37.512441618110515,24.332193725055653,Tropical Storm,Poor,Stable
2024-02-12,38.848775674912964,25.89242943757381,36.96904418995632,27.874909744661146,Sandstorm,Good,Warning
2024-02-13,47.4786658899892,31.11920086391618,24.963195738704737,21.916317938247676,None,Good,Stable
2024-02-14,48.68979898059717,25.76883168901746,29.694947006059888,19.854415186274522,None,Good,Stable
2024-02-15,28.610111063862618,35.486106648359126,36.66407967163032,22.900534589251517,Tropical Storm,Good,Stable
2024-02-16,48.03487085573831,36.904032942275045,35.99848098312699,22.1635853221812,Sandstorm,Moderate,Critical
2024-02-17,57.231929760287336,29.785977512159537,31.052231572418396,27.00870105665281,Sandstorm,Moderate,Stable
2024-02-18,48.62372117742559,35.693904059610645,38.688196000299406,25.55659621656906,Heatwave,Good,Stable
2024-02-19,52.54406878746652,27.94225525848626,33.7178741543571,25.640790472973414,None,Good,Stable
2024-02-20,54.845131307727726,26.4282410835794,39.42863176940927,20.308181702932668,Sandstorm,Good,Stable
2024-02-21,46.573977592289275,35.5013759007262,41.050106557228716,22.38858642884739,Heatwave,Moderate,Stable
2024-02-22,57.307546611603925,37.89933477802754,36.39151025781589,22.25768384279177,Tropical Storm,Good,Stable
2024-02-23,64.57484297831701,39.81578993496108,37.77776240916278,11.54834418524607,None,Poor,Critical
2024-02-24,34.761413625525954,31.66327535738554,31.957699592838697,27.482412128977185,None,Good,Critical
2024-02-25,46.5515024759346,34.31055197594812,39.46104936404993,8.31496629038872,None,Good,Stable
2024-02-26,73.29617483453713,31.55308614233074,36.090621848405014,24.98530660338926,None,Moderate,Stable
2024-02-27,51.705653832079996,37.01689328349295,33.52644480577909,21.868972678003956,None,Good,Stable
2024-02-28,49.65148049508995,32.16642066719629,28.90590833391172,18.009982405615563,None,Good,Warning
2024-02-29,47.41957569777935,34.02541894331017,32.5727931544795,22.738331111783758,None,Good,Stable
2024-03-01,62.74435144272819,24.322907723985672,29.452622275801282,22.929985283606136,None,Good,Stable
2024-03-02,40.610068037708324,28.844186123161638,38.80744869469681,10.845400652728465,None,Poor,Warning
2024-03-03,59.26174526685137,34.06818074321118,41.10214954794432,29.91288397457054,None,Good,Warning
2024-03-04,47.23248969221747,33.61986372034684,39.581345994649354,20.504966376961665,None,Good,Stable
2024-03-05,42.50157077291815,34.49451604934555,47.43010123138836,36.20312613178644,None,Good,Critical
2024-03-06,47.68897349330847,30.603273235954433,32.69796539251513,25.528397200456943,None,Good,Critical
2024-03-07,49.536195140979274,26.7398899843236,37.98286172441775,20.345781428407687,None,Moderate,Stable
2024-03-08,45.02256374577165,29.70526733240523,29.093225177085774,15.169724998051676,None,Poor,Stable
2024-03-09,61.127725178150556,30.235171820042517,34.0137467982385,19.2241232396509,None,Moderate,Critical
2024-03-10,42.57915905077223,31.208704042662877,27.613253955725614,21.048815100078656,Sandstorm,Good,Stable
2024-03-11,51.40074847959827,25.160672865574565,37.84097158652395,30.258011080294047,None,Good,Stable
2024-03-12,55.3743259138803,28.67066707156351,33.22254168542899,28.586618840173706,None,Good,Stable
2024-03-13,51.29723048683373,29.556661952529357,24.727089875690414,23.160419377324626,Sandstorm,Moderate,Warning
2024-03-14,57.72229933483291,18.788891706279855,31.57490778532468,32.38433818465665,None,Good,Warning
2024-03-15,45.66435967236451,34.16252390686884,43.96557163803748,5.8867320927961355,Tropical Storm,Good,Stable
2024-03-16,56.22627039812321,30.820079783203056,37.05214943625451,23.239511705698156,Sandstorm,Poor,Critical
2024-03-17,56.52228200116695,31.326594352241095,38.84546331477875,28.789563429643042,None,Good,Warning
2024-03-18,59.681200772406186,27.422518444858596,35.627726396498815,23.832064399908855,None,Good,Warning
2024-03-19,31.143420517390098,32.93125187765126,34.092205392023835,10.670344148235511,None,Good,Stable
2024-03-20,55.09046138674067,25.840370880332813,35.077895069047756,29.72610193462456,None,Good,Stable
2024-03-21,59.01269769561614,26.625928778844315,36.227163621118926,25.32943994361404,None,Good,Stable
2024-03-22,45.88541369209513,33.14165022870898,29.51673777199492,22.40108372149422,None,Good,Stable
2024-03-23,44.521785757567784,31.78580868072025,38.81531007869277,20.618505938092504,Sandstorm,Good,Stable
2024-03-24,42.98622394777544,23.61199867415853,40.60913745993741,33.95591447704128,None,Good,Warning
2024-03-25,39.67994343667627,37.88685435044018,34.01705301527834,23.11162280613066,None,Moderate,Stable
2024-03-26,56.65760054007802,26.207511732134265,32.38479785191707,18.306562388839854,None,Good,Warning
2024-03-27,72.81902916514171,29.337032226893303,31.29045500177598,14.320350493731082,None,Moderate,Stable
2024-03-28,44.43979977841864,38.73393693300976,43.796083017812144,25.3027039744603,None,Good,Stable
2024-03-29,45.33451553795009,19.701092153949556,32.73864580403222,26.90363376692921,None,Good,Stable
2024-03-30,50.153965368778955,21.4686959001518,38.2665715710727,20.39560888138583,None,Poor,Stable
2024-03-31,33.980249876303205,32.20966843544259,34.05213152258672,16.095550641077462,Tropical Storm,Good,Stable
2024-04-01,43.04451665508127,17.607316420730903,33.781849721410346,29.31039618748435,None,Good,Warning
2024-04-02,49.430343197367336,19.782532487574393,31.176251498971386,13.788092076122172,None,Moderate,Stable
2024-04-03,41.06071676999083,35.875789131470704,30.14850251952992,33.78611766932386,None,Good,Stable
2024-04-04,61.97441376549668,27.95563315797955,38.69960380123275,14.85826327156378,None,Good,Stable
2024-04-05,37.06182634932107,40.98044779648408,30.035387599849653,11.051913903059326,None,Good,Stable
2024-04-06,59.01005324202115,24.82615110973217,37.31259619796039,11.947433118456438,Heatwave,Moderate,Stable
2024-04-07,64.685022718854,28.407591005647596,35.45291961740748,12.231954201947358,Heatwave,Moderate,Stable
2024-04-08,53.817247448468265,32.70315363089293,38.76319267239619,18.343827271742065,None,Good,Stable
2024-04-09,48.62549443044023,32.357642420876196,31.950230447047222,16.722792390794098,None,Good,Warning
2024-04-10,52.46281812972498,28.725501922555775,40.40072083260048,27.17247877381501,None,Good,Stable
2024-04-11,45.59436466060106,26.75769994528791,34.294047089548314,26.174523707026363,None,Good,Warning
2024-04-12,29.63931801524207,31.156811621706453,47.95847360654781,18.43542258689017,None,Good,Stable
2024-04-13,40.20747666995633,36.884429430879244,26.9291183251758,41.72369084035409,None,Good,Critical
2024-04-14,49.88820884522118,33.814043447866474,47.14467369038452,18.34267253250505,None,Good,Stable
2024-04-15,40.59313115029485,26.837657918449324,34.36817000971931,19.275385514559947,None,Good,Stable
2024-04-16,45.86877114230687,25.041136769603302,36.114010508594305,11.058074363073306,Sandstorm,Poor,Stable
2024-04-17,54.79179159411494,26.53605506145021,31.978552841954254,19.436217727625205,Sandstorm,Good,Critical
2024-04-18,51.45024172472494,23.63128557317092,27.15559353488306,22.081804839737696,None,Good,Stable
2024-04-19,60.584747721189636,30.737047411636222,32.35801613989812,11.710453742743322,None,Good,Stable
2024-04-20,52.94167538001602,34.06893089367142,33.17156507563772,16.509160026332136,Heatwave,Poor,Stable
2024-04-21,53.52970749722868,29.643300007497984,35.9140085636537,22.28907510982929,None,Moderate,Stable
2024-04-22,42.8771071419372,38.598833964647575,40.605691725051756,16.32615164629461,Heatwave,Moderate,Stable
2024-04-23,36.68893901258604,38.87707287577345,35.95365363303557,14.860885793403382,None,Good,Stable
2024-04-24,45.870778549894695,31.538676344142107,36.0407088164132,25.4749310994276,None,Moderate,Stable
2024-04-25,42.72815117347131,33.509688702383414,36.92183858258403,11.025203322068553,None,Good,Stable
2024-04-26,48.33232369125514,25.49771011015276,26.225349034418755,12.384543349844407,Heatwave,Good,Stable
2024-04-27,39.339616371146064,28.19596753080411,26.687377489319537,21.241655384089956,None,Good,Stable
2024-04-28,58.42488737235139,36.36135188883274,27.515055055678506,25.923114839181984,None,Moderate,Stable
2024-04-29,42.691250734864894,27.103636913557793,33.133630710023226,22.13866776358634,None,Moderate,Critical
2024-04-30,46.3623097862685,37.43689903508226,25.6414244013798,18.432789212506528,Heatwave,Moderate,Stable
2024-05-01,49.79807897026234,35.562820510374166,31.55106227635447,17.862279665571354,Heatwave,Poor,Warning
2024-05-02,61.23176946601683,33.758119805231786,28.158753775094922,27.073093179785758,Tropical Storm,Good,Stable
2024-05-03,67.58692836954863,24.1365255517018,37.43857713099341,26.013010030794778,Tropical Storm,Good,Critical
2024-05-04,68.27441941113796,28.440067579648392,37.18827814454125,20.348944762900338,None,Good,Stable
2024-05-05,37.182043796485914,33.22104419422064,33.49677980132017,18.056669106044374,None,Moderate,Stable
2024-05-06,46.26859523795003,25.071259627489848,25.500195409165286,20.246905348517124,None,Good,Stable
2024-05-07,44.366135495476975,29.04961376391701,33.81428045281912,14.909617859848478,None,Moderate,Warning
2024-05-08,53.70309127725609,33.76065474563819,36.643130576880516,18.9487704402357,Heatwave,Good,Stable
2024-05-09,53.09282603213593,27.15913886038852,39.05363333619508,16.573243296066043,Heatwave,Good,Stable
2024-05-10,44.16998151634004,25.76772754365676,43.76702313656485,19.294086271350782,None,Good,Stable
2024-05-11,43.380635912366245,20.996127706059106,40.592490902108416,16.824210112373688,None,Good,Stable
2024-05-12,40.02566261248252,28.066829011428457,35.82388264533965,23.667663117565997,Heatwave,Moderate,Stable
2024-05-13,23.458376542901437,33.86590756405069,33.57379329846312,25.72883779894605,None,Good,Stable
2024-05-14,37.018354664672636,25.63548162336751,31.2853295185436,17.341989258497183,None,Good,Stable
2024-05-15,58.66774665184613,30.08936053233853,41.77830947944964,14.316842317932881,None,Good,Stable
2024-05-16,64.64704483741247,28.878953641029664,35.832952898495535,24.981352139289207,None,Good,Warning
2024-05-17,63.4785758726249,26.666882220159764,38.15272104341726,21.29331168951909,None,Good,Stable
2024-05-18,59.092339421829706,34.188527996879436,32.048901310353216,17.432847450380844,None,Good,Stable
2024-05-19,39.88058053485075,38.21136140582948,28.795454672450962,29.62886339354245,None,Moderate,Warning
2024-05-20,38.18777552391617,35.02168971820851,32.99831140863636,16.044760176734545,Tropical Storm,Good,Stable
2024-05-21,31.889768571180085,26.520317987746427,33.48535867097187,6.0494457902387655,None,Good,Stable
2024-05-22,44.168028421162795,39.961828319229724,35.95886216822069,15.044284405576015,None,Good,Warning
2024-05-23,50.871062193059714,35.00701455115033,31.312830555080122,31.328649338239188,Tropical Storm,Good,Stable
2024-05-24,39.92215728082316,27.713214655178547,35.124849316909824,17.776073882532348,None,Good,Stable
2024-05-25,54.31088073637102,26.123368089440433,40.88853177177509,16.391924959948298,None,Good,Critical
2024-05-26,56.51857769515601,35.60519631922462,26.635191952314322,20.186221848774945,Heatwave,Good,Critical
2024-05-27,45.25509555251628,30.868846009786367,24.41548704021826,27.07744161525031,None,Moderate,Stable
2024-05-28,36.59982272076448,25.746175756561364,41.229569243092286,19.419700064979892,Sandstorm,Good,Stable
2024-05-29,63.809265638012974,29.259455102640583,27.681867709838563,24.139433073360482,None,Moderate,Stable
2024-05-30,50.35142224620872,27.964015910593194,33.09964016553773,18.675136383442343,None,Poor,Stable
2024-05-31,69.41206008265922,25.87970440655981,38.042398406532435,24.194478198024562,None,Good,Stable
2024-06-01,50.92379149392068,35.072931266307336,34.703869156646135,21.26183955731058,None,Good,Stable
2024-06-02,51.62212917246224,33.90862094157157,34.63356060498213,17.214057575775442,Sandstorm,Good,Critical
2024-06-03,40.35503180010398,34.192707387796304,35.361983239091494,21.806643836209354,None,Good,Warning
2024-06-04,45.7645666660922,34.12335196659757,47.59357049647232,16.202430645996863,Heatwave,Moderate,Stable
2024-06-05,34.411972305820825,25.419831276462013,43.90312477958607,10.35268153716826,Sandstorm,Moderate,Stable
2024-06-06,36.563756367152216,26.981563641015015,31.531373455658077,19.860785443035027,None,Good,Stable
2024-06-07,57.41165047326538,37.29328761468831,40.25444120473435,10.974379494771055,Heatwave,Good,Stable
2024-06-08,47.17416616883017,30.540060612194992,37.52753878795898,24.182006748702214,None,Good,Stable
2024-06-09,45.77341971382879,22.647646531478486,34.90242598624149,19.737564597926262,None,Good,Warning
2024-06-10,42.595740193128734,31.08472163797873,30.460655957612953,29.963043638966838,Heatwave,Moderate,Stable
2024-06-11,46.144762955563884,33.273956308340665,37.25684015722733,17.688340222830274,None,Good,Warning
2024-06-12,61.330634416071725,32.62020718685104,33.46977267467791,19.85980962209533,None,Good,Stable
2024-06-13,51.44221756872669,25.310651984191804,33.1021996253542,9.712617641974406,None,Moderate,Stable
2024-06-14,38.199851199057136,39.43360779628777,31.164643243405642,12.27134682180618,None,Good,Stable
2024-06-15,60.30384693888993,22.497027064456237,39.99911760531214,8.248940663560314,None,Good,Stable
2024-06-16,67.25038589798015,30.554482150817062,31.16130990685309,27.54245667802315,None,Good,Critical
2024-06-17,54.94704668050223,38.682764263830414,31.191773805321183,16.783119795041166,None,Good,Warning
2024-06-18,58.91290211788828,32.958285419677225,38.88968883790153,29.289558259753832,None,Moderate,Stable
2024-06-19,62.20782917368932,34.18109784525677,34.27834766098453,1.2357220614831554,None,Moderate,Stable
2024-06-20,33.43395081515608,24.734179254149325,34.412907381070205,30.836520789808755,None,Good,Stable
2024-06-21,68.64270367885672,31.735232287984353,40.16446742045836,19.52383976506585,None,Poor,Critical
2024-06-22,60.988140706772015,29.816986686525265,41.56850305895968,22.37893172275732,Sandstorm,Good,Warning
2024-06-23,54.888547009129276,24.349779154178176,24.360771390332392,12.559400888717818,None,Moderate,Stable
2024-06-24,48.74539460847829,34.32535744737481,34.35612872607877,23.69102943186129,None,Moderate,Stable
2024-06-25,36.627575840811545,25.902566306746653,27.948677359130016,17.382600977613524,None,Good,Stable
2024-06-26,46.68598896303736,26.495376839157366,33.06603331071337,11.642320445683369,None,Moderate,Stable
2024-06-27,54.48397016529615,32.16289661042424,34.96631921942949,11.546335529686457,None,Good,Stable
2024-06-28,38.95641620960385,29.283772771774924,33.22572713462892,11.4225469439239,Tropical Storm,Good,Stable
2024-06-29,49.30252732619265,30.846440118280064,29.873622846651493,22.661677170577807,Heatwave,Moderate,Critical
2024-06-30,38.16458629189076,28.977501706150818,29.619966811426025,15.550578688968816,Heatwave,Moderate,Stable
2024-07-01,46.15375823935819,37.06530421752021,38.63970694516125,8.51934371003114,Heatwave,Moderate,Stable
2024-07-02,36.47372633742614,25.37484676380692,42.674049030519285,22.58509659826396,None,Moderate,Warning
2024-07-03,35.42223912202799,27.675956098969937,24.697615355332502,4.79089333758135,None,Good,Stable
2024-07-04,53.40089411463904,32.40585778789613,33.36190666967242,29.303504678958667,Sandstorm,Good,Stable
2024-07-05,44.20242441599551,25.060410831794904,38.659820686971585,33.90487403391276,None,Poor,Stable
2024-07-06,45.14209403591521,24.83888308802062,34.836981197995755,10.81303427131283,Heatwave,Good,Stable
2024-07-07,43.6655636522912,30.688719470015688,29.431566890472304,27.367154421298302,Sandstorm,Moderate,Stable
2024-07-08,77.23117987626432,34.33676689459439,32.611052979682114,22.44368601683853,Tropical Storm,Good,Stable
2024-07-09,56.07367085705787,34.98938907897127,36.51075118715929,16.49972926415504,None,Moderate,Warning
2024-07-10,57.14743539167707,30.45869937993641,33.46403945309822,16.826393055591137,Heatwave,Good,Stable
2024-07-11,42.24584463693439,26.639336707513365,34.7601003304072,24.581348190370754,None,Poor,Warning
2024-07-12,55.047506885713304,31.37831598817129,34.90419751209179,19.72034441677579,None,Good,Stable
2024-07-13,47.722789969219136,32.830691543561855,32.37859195170852,1.8405358988520817,None,Poor,Warning
2024-07-14,42.16550259099605,31.30930329645137,39.08284511985517,34.51110082102466,Sandstorm,Good,Stable
2024-07-15,69.2909140121857,36.17084929395688,32.612542015794496,23.03221930189363,Heatwave,Good,Stable
2024-07-16,55.72791362209625,24.929193673725162,29.97266003883879,19.635924534280683,None,Moderate,Stable
2024-07-17,55.223386304721856,26.515119911782186,46.14819716711599,14.971037322206094,None,Moderate,Stable
2024-07-18,40.282663792282776,35.476745971993616,34.611029552812916,18.67727647433498,None,Poor,Stable
2024-07-19,37.29790756613053,22.63490084742368,21.999396499005083,28.884310811958336,Tropical Storm,Good,Warning
2024-07-20,49.4244852976184,27.303071364592498,41.27372418668827,21.83132904182341,None,Good,Stable
2024-07-21,44.26485979479572,26.342298526368193,41.2576443460695,22.627622371136034,None,Good,Stable
2024-07-22,56.12640942587707,22.178975493265156,37.28587765578516,11.255805662471765,None,Good,Stable
2024-07-23,56.792608808887145,29.064255976795433,38.158176049103346,17.552588066412945,None,Poor,Warning
2024-07-24,50.65503268119343,33.73146929944227,45.79871156334068,20.357360547203434,None,Good,Stable
2024-07-25,58.27713173582753,30.781639577605514,30.18599118015751,24.87596440420279,None,Good,Critical
2024-07-26,51.933043981059924,33.99801892651039,35.66620026987406,17.08928653084942,Heatwave,Good,Critical
2024-07-27,41.28310384431191,35.959779838214864,44.8485133952556,26.495081358326495,Heatwave,Good,Stable
2024-07-28,48.017252832856784,28.071841195272402,45.90784540484104,11.989527541581907,None,Good,Stable
2024-07-29,51.35733042587102,43.23423011494365,33.16953843546131,20.48675426160873,Tropical Storm,Good,Warning
2024-07-30,59.28925060641846,28.272922879680834,45.050754250445664,19.31669584771082,None,Good,Stable
2024-07-31,52.24950844439153,28.937344870781544,39.01315350661808,9.391314770300873,None,Good,Stable
2024-08-01,44.28549395345748,26.461897315656113,42.47607248934285,19.666042903268725,None,Poor,Critical
2024-08-02,59.66171305947655,32.72694740462337,38.84910451578893,15.921768356037038,None,Good,Critical
2024-08-03,53.807558457479324,28.547482905115125,36.52723121930187,29.89642309245049,Heatwave,Good,Critical
2024-08-04,65.45673725586661,29.60553889042502,46.04693562951459,17.12820774855239,None,Poor,Stable
2024-08-05,50.87277468952216,28.973934968870186,32.35695017881129,22.456093742149,None,Moderate,Stable
2024-08-06,39.6267128623028,28.86047726386563,44.511415701769856,11.382706120292614,Sandstorm,Poor,Stable
2024-08-07,61.76979363548487,30.791430146992877,45.30344466863959,21.655982253892567,None,Poor,Stable
2024-08-08,44.23210036536748,27.748882234816843,41.81524160638376,17.094675839733153,Sandstorm,Good,Stable
2024-08-09,52.95424127000762,27.98352209041454,34.641355090945,14.566064612224165,Sandstorm,Moderate,Stable
2024-08-10,51.857166893689644,35.36425745310496,36.22217673989509,39.8372456235621,None,Good,Stable
2024-08-11,50.45629329987864,28.53238768059294,28.625971923635618,17.525856798750915,Heatwave,Good,Warning
2024-08-12,48.30180027822801,31.917762018535623,32.73710015028405,18.51635749473242,None,Moderate,Warning
2024-08-13,33.478558681111835,25.552541297557767,38.10355876552589,26.313954169250962,None,Good,Warning
2024-08-14,39.978960753695695,27.776549864235637,27.866438471166845,14.621013229317965,None,Moderate,Stable
2024-08-15,61.22132322230476,23.837197187546597,33.510443360009646,22.822905941876087,None,Moderate,Stable
2024-08-16,54.2880071777426,39.27216716680914,44.72414320784052,23.57224288710926,Tropical Storm,Good,Warning
2024-08-17,69.09297050626463,36.877298388340265,34.228179636130584,21.71290298523195,None,Moderate,Stable
2024-08-18,39.622951779655246,32.97729496639344,40.16814167743758,36.07437521150551,None,Good,Stable
2024-08-19,49.693438946475624,40.755513601449145,37.832512275276095,14.37011665329932,Heatwave,Good,Stable
2024-08-20,61.63193518961377,33.85143025691563,33.46155281746549,30.76320421101785,None,Moderate,Stable
2024-08-21,44.34176489646322,29.140121281755892,34.22475670574184,23.304982816978963,None,Good,Stable
2024-08-22,45.1463295588908,31.862598335458355,35.83432623720827,26.366147292329547,None,Moderate,Warning
2024-08-23,47.066601353612626,36.803931777395704,24.744887557369513,22.38864060178399,Heatwave,Good,Critical
2024-08-24,45.54652205003449,25.59841912496016,39.73487400437753,33.1479414622093,None,Good,Stable
2024-08-25,55.31797398480622,24.135911063667194,34.408099624729346,17.7594545370951,None,Moderate,Stable
2024-08-26,32.19789830184072,32.03039583314969,39.90958581634446,23.48054166910358,None,Good,Warning
2024-08-27,66.42725907397966,27.065751332256312,36.94100306775978,29.138310583994738,None,Good,Stable
2024-08-28,40.40336673444556,18.70049316270762,34.18720191262465,16.088101120501193,Sandstorm,Good,Stable
2024-08-29,28.828283120048837,23.785333265447157,35.98774314025074,27.00305674107684,None,Moderate,Critical
2024-08-30,49.897606021827755,28.442878253232273,36.004554686642074,19.869532210839626,None,Good,Warning
2024-08-31,46.22599035946517,30.24094377373951,42.38095049864902,11.355814608659358,None,Moderate,Critical
2024-09-01,48.220202511673875,30.389845496916493,35.313272463893284,9.838872950150792,Sandstorm,Good,Stable
2024-09-02,53.125765753355644,40.02598170117723,36.440827538210435,19.3642611663723,Heatwave,Moderate,Stable
2024-09-03,56.448412895542255,28.96187371649453,28.690551086366128,26.936195851230433,None,Poor,Warning
2024-09-04,66.86651353667898,31.390627447680522,34.76478275850759,5.447213045227381,None,Good,Stable
2024-09-05,43.09859162451105,21.87053986312752,42.27155050898245,21.403150273901925,None,Good,Warning
2024-09-06,57.7429105816436,29.84432230842362,37.14410503006074,26.246639944194357,None,Moderate,Stable
2024-09-07,57.08936451068717,31.670994715858832,29.594939651187197,11.054350802751614,None,Moderate,Warning
2024-09-08,23.592143644245954,23.123702595094052,30.130858320458973,15.562233620589982,None,Good,Stable
2024-09-09,41.66805597464126,25.330040201815216,31.29252286294666,24.00656859104355,None,Moderate,Stable
2024-09-10,37.13019435719239,32.44584316918435,39.998155217967415,25.939765631393914,Heatwave,Moderate,Stable
2024-09-11,54.47892858557924,27.268368678440442,39.382702561461514,31.22868755539325,None,Moderate,Stable
2024-09-12,53.37825915931988,29.48729114245013,17.72872573579501,15.89561439089958,Sandstorm,Moderate,Stable
2024-09-13,53.57927699984882,32.7038875947949,34.593071528579394,14.290962018932747,None,Good,Stable
2024-09-14,46.94407732485584,40.184360858979076,35.73819050193458,31.56879825277361,Heatwave,Poor,Warning
2024-09-15,47.95243440919845,28.89107399460804,30.189282355703426,14.715406936741735,None,Good,Stable
2024-09-16,49.71419248388927,38.845990394387215,33.04762501528055,23.55099855320447,None,Good,Stable
2024-09-17,45.98886728737071,20.206131693522032,41.654992745648485,35.28180399502486,Heatwave,Good,Stable
2024-09-18,57.771822721048224,30.741814293409927,37.04421605907252,25.268960855243293,None,Good,Critical
2024-09-19,39.30336373987533,28.329553964523846,32.50208679844081,25.482891518557107,None,Good,Stable
2024-09-20,42.181861366411766,27.33770507965801,34.063458191959796,28.946462733357997,None,Good,Stable
2024-09-21,51.213192322565575,33.29033787778427,33.860634355022185,23.674073045197158,Heatwave,Good,Warning
2024-09-22,46.32070781855041,28.926896673073898,36.40977599092749,25.516492811220722,None,Moderate,Stable
2024-09-23,38.91218420589489,19.875233325533912,27.85134671881996,17.60187270103892,Heatwave,Good,Stable
2024-09-24,55.31925321368853,22.05815375874709,31.651223501050264,28.119737267889874,None,Good,Stable
2024-09-25,44.277126274056975,33.61013479178222,40.176982249023716,22.894371311156934,None,Good,Warning
2024-09-26,41.55279029232092,21.813860465379683,34.637167565204045,9.653516365852216,None,Good,Stable
2024-09-27,48.25620292596099,33.74410590590389,30.750458736199374,21.70060738645571,None,Good,Warning
2024-09-28,41.06750502481602,30.62386743955578,30.956699791711433,4.81246342470811,None,Good,Warning
2024-09-29,49.65818671169511,29.148577340870993,38.604218010653426,24.997390759612035,None,Poor,Stable
2024-09-30,46.403011640266705,29.592629134008636,32.41097367334942,18.365139194965327,None,Moderate,Warning
2024-10-01,44.8741989625324,32.57379010090042,37.55451689543291,33.33886867000613,None,Moderate,Stable
2024-10-02,44.936664374687744,24.112570131967793,31.865828395542614,23.427418852831064,None,Good,Stable
2024-10-03,59.95615164025244,30.21145546998863,29.350175536666725,26.469271137167542,Heatwave,Good,Stable
2024-10-04,53.69217411277678,24.302486029593673,36.222239792487265,12.655437249670868,Sandstorm,Good,Critical
2024-10-05,32.908034738166464,30.81822388001434,34.51309497043266,24.79202307525093,Heatwave,Moderate,Stable
2024-10-06,58.829862054617905,33.23238393099176,38.42562169207653,15.515393841780657,None,Good,Stable
2024-10-07,55.16557044799835,30.829729314061574,39.420621605157,27.63362372319868,Heatwave,Good,Stable
2024-10-08,54.57514901845036,33.04301081965295,33.21016555623301,12.171534417996627,None,Good,Stable
2024-10-09,58.87910886251751,26.499925824533562,36.74466913675557,20.76865146999853,None,Good,Stable
2024-10-10,50.15030036910797,29.689099728397114,33.05595107270313,11.894822976583878,Heatwave,Poor,Stable
2024-10-11,56.20083681611956,28.81012093437552,38.16823482035694,20.880669674397055,Heatwave,Moderate,Stable
2024-10-12,45.35528060143654,28.482803064315043,36.167077305536544,34.15740834200407,None,Moderate,Stable
2024-10-13,58.475803182091774,25.996794177740558,31.88081741318613,25.04887656179569,None,Good,Stable
2024-10-14,52.181135550405564,27.840887252875287,31.462110544907432,19.771600486634505,None,Moderate,Stable
2024-10-15,36.23038345564106,24.436477024967495,36.34333962551918,2.764886136304675,None,Moderate,Warning
2024-10-16,60.363849679305446,21.529226690877096,40.81095526326291,16.250190172995033,Heatwave,Poor,Critical
2024-10-17,48.71095351229616,26.4964166972962,39.506481056030125,23.322575520301417,None,Good,Stable
2024-10-18,47.31877290982152,33.12979824390582,30.284952980100474,16.423996270783313,Heatwave,Good,Stable
2024-10-19,45.57332539356763,31.1703299552784,30.81078351988722,29.990051735744082,None,Moderate,Critical
2024-10-20,46.30636381071757,23.71698397876373,31.54761144216789,20.500767137154224,Heatwave,Good,Warning
2024-10-21,52.296353150738256,27.969943233098068,32.01718535207674,27.550165812783113,Heatwave,Moderate,Stable
2024-10-22,40.12420004834698,33.46232170682164,25.916699482404475,21.434306005839872,None,Poor,Stable
2024-10-23,34.31387325517552,27.7575431510645,38.950216020648604,18.068124998252753,None,Good,Stable
2024-10-24,39.35534460900378,22.91116903435547,32.720586323139905,16.700714475007253,Heatwave,Good,Stable
2024-10-25,53.81717850840035,41.28814273207171,37.31037127948758,12.914921731744048,None,Good,Stable
2024-10-26,48.380618534367386,29.165205846735248,33.421209958914524,27.676292284234368,None,Moderate,Critical
2024-10-27,61.13193124576978,24.182105500004916,34.88517049842775,17.003916475620585,None,Moderate,Stable
2024-10-28,49.35087267254979,30.856317629100968,31.574070607947462,23.65607789131614,None,Good,Stable
2024-10-29,58.42513108236196,29.571983338436322,34.85871123350881,16.319785117123676,Heatwave,Good,Warning
2024-10-30,43.071853919499084,22.292609475428158,30.643770940927446,12.418797667853772,None,Good,Warning
2024-10-31,45.64857790597781,30.466844304015826,34.895802236143815,23.885985674378986,Heatwave,Moderate,Warning
2024-11-01,50.095241579336076,34.91867755697823,42.28611537532978,14.773072726033728,None,Good,Critical
2024-11-02,48.53023017952862,28.835448962548778,37.60302359080502,17.196589285930038,Sandstorm,Good,Stable
2024-11-03,47.59634968367294,19.6990072639165,36.455259505131814,11.259180601999876,None,Moderate,Critical
2024-11-04,41.27885447491803,31.709608052946518,28.40129590983003,16.54813723894372,None,Good,Warning
2024-11-05,34.14437954134051,33.01450022624077,37.83628201029,20.168750178015262,None,Good,Stable
2024-11-06,56.31016571988494,27.067939615860443,38.32226692179877,17.98756313912829,Sandstorm,Good,Stable
2024-11-07,55.192603543577114,27.104691993303877,36.34132854766101,25.727586315217305,None,Good,Stable
2024-11-08,43.86130776926282,41.28928150128824,36.07141245869066,21.01864520145859,Heatwave,Good,Critical
2024-11-09,53.78883787802836,26.708928505789487,34.299094031945714,41.6111966777864,None,Poor,Stable
2024-11-10,48.33553990530063,24.390595168328744,38.247012579112315,22.969754113681972,None,Moderate,Stable
2024-11-11,61.061717517923306,30.125570420130057,41.98505277493261,7.851587253826484,Sandstorm,Moderate,Stable
2024-11-12,36.877404066746315,32.874211628851995,36.65264086452708,18.509823088625488,None,Poor,Stable
2024-11-13,48.73273658437246,32.66216864355158,30.141414103615364,19.116262965752885,None,Good,Stable
2024-11-14,47.93453265551056,17.659661228471524,30.523914279237225,15.704581331338009,None,Good,Stable
2024-11-15,51.611159588561776,26.696342470555138,38.63119936635482,20.508275839653532,None,Good,Warning
2024-11-16,65.37137810881799,35.764440225643696,30.182042974896397,15.496220564597369,None,Moderate,Stable
2024-11-17,48.76282829861513,31.63344732670853,36.00527493655285,22.329738592602368,None,Moderate,Stable
2024-11-18,57.43132179858201,23.82104294246787,33.27228629291255,6.639186010604236,None,Good,Stable
2024-11-19,48.52183734924229,36.21204653948102,29.63882023322347,28.009109302543404,Sandstorm,Good,Stable
2024-11-20,60.70912943374587,34.82448859553089,39.16134794287104,8.951967366947127,Heatwave,Good,Stable
2024-11-21,57.52848331200271,28.51699195988564,38.53385193530948,18.15511113588425,None,Good,Stable
2024-11-22,46.66685005491996,34.39733593405568,28.221753483659906,14.871052476319782,None,Moderate,Stable
2024-11-23,45.94698939196657,39.9987791597901,37.40721731155914,22.141440497331892,None,Good,Stable
2024-11-24,54.86960639429678,24.72809902377292,36.67629997474686,18.717312224852698,Heatwave,Poor,Stable
2024-11-25,43.445939603953924,32.77723091101465,39.18728601179256,21.761554659757476,None,Good,Stable
2024-11-26,51.90632595631211,39.92972388044004,35.833909693278216,27.77834688017994,None,Moderate,Stable
2024-11-27,46.442034220701224,33.26514776647765,42.13418070877826,25.380308063668732,Tropical Storm,Poor,Stable
2024-11-28,53.681026481568125,26.228085703178486,34.366695592346126,20.254151392190916,None,Poor,Stable
2024-11-29,48.389824243375806,31.194566202206936,33.63952801257916,23.216554366470632,Sandstorm,Good,Warning
2024-11-30,43.07418822609534,36.84941629976181,30.1260456120108,33.72005263170915,None,Good,Warning
